table_name	column_name	pk_value	replace	replace
achievements	description	0f92d42b-1fe8-45ea-8efb-f0a435b09477	???? ?????? ?????????? ???????? ????????	key=streak_3
achievements	description	13d97622-82f4-4ea1-b45f-b07ae4ab2dd1	???? ????????????????? ???????? ?????? ???????? ????????????	key=top_10_monthly
achievements	description	2b7ffc84-84d4-4309-b519-aebc4a9824e0	???? ?????? ???? ????????????	key=level_10
achievements	description	48a23e7c-039e-414d-9ad5-6b970501b7ea	???? ?????? ?? ????????????	key=level_5
achievements	description	4aeb8ae2-9ae3-4891-b454-64d6769dea60	???? ?????? ?????????? ????????????	key=streak_30
achievements	description	aab3b80a-7a2b-4a59-bf42-e286309dc926	???? ?????? ?????? ?????????? ????????????	key=league_gold
achievements	description	bd6926ed-39a0-43bb-ab6b-715cc54c8a97	???? ???????????? ?????? ??????????	key=first_steps
achievements	description	c3c7cfcf-7f45-4e9a-bbbb-db904af5369e	???? ?????????????? ???????????? ???? ???????? ??????????	key=mission_master
achievements	description	c7205b80-940b-4c61-919c-01cf7df43bc3	?????????? ???????????? ?????? ???? ?????? ??????????	key=first_sale
achievements	description	d2d2c123-4910-4040-b1e5-de6d62b8c587	?????? ?????? ?????????? ????????????	key=streak_7
achievements	title_fa	0f92d42b-1fe8-45ea-8efb-f0a435b09477	???? ?????? ??????????	key=streak_3
achievements	title_fa	13d97622-82f4-4ea1-b45f-b07ae4ab2dd1	???????????? ???? ??????	key=top_10_monthly
achievements	title_fa	2b7ffc84-84d4-4309-b519-aebc4a9824e0	?????? ????	key=level_10
achievements	title_fa	48a23e7c-039e-414d-9ad5-6b970501b7ea	?????? ??	key=level_5
achievements	title_fa	4aeb8ae2-9ae3-4891-b454-64d6769dea60	???? ?????? ??????????	key=streak_30
achievements	title_fa	aab3b80a-7a2b-4a59-bf42-e286309dc926	?????? ??????	key=league_gold
achievements	title_fa	bd6926ed-39a0-43bb-ab6b-715cc54c8a97	?????????? ??????	key=first_steps
achievements	title_fa	c3c7cfcf-7f45-4e9a-bbbb-db904af5369e	?????????? ??????????????	key=mission_master
achievements	title_fa	c7205b80-940b-4c61-919c-01cf7df43bc3	?????????? ????????	key=first_sale
achievements	title_fa	d2d2c123-4910-4040-b1e5-de6d62b8c587	????????????? ???? ????????	key=streak_7
customer_credit_ledger	description	a4ca35c5-6451-40e0-9431-711062ac14f3	???????????? ???????????? ???? ?????????? ?????? ????????????	""
daily_mood_hafez_poems	interpretation	0ebd5090-e10c-4baa-8323-be9511b884c0	???? ??????????????? ?????????? ?????????? ???? ???? ???? ???? ?????? ??????.	title=?????? ??????????
daily_mood_hafez_poems	interpretation	30e3300b-c02a-48fb-ad28-997ca94aad11	???????????? ?????? ???? ?????? ???????? ???? ???? ?????????? ???????? ????.	title=?????? ??????????
daily_mood_hafez_poems	interpretation	355819b0-3f60-4157-8948-940e1da6ba31	?????? ?????????? ?? ?????????? ???????? ??????.	title=?????? ??????????
daily_mood_hafez_poems	interpretation	444493ab-5a7d-44ff-abff-5672b7e5dc39	???? ???????????????? ???????????? ?????????? ???????? ???? ????????????????? ?????????????? ?????? ?????????????.	title=?????? ??????????
daily_mood_hafez_poems	interpretation	4f9788ef-f734-475c-8044-20320e256162	?????? ?????????? ?? ?????????? ???????? ??????.	title=?????? ??????????
daily_mood_hafez_poems	interpretation	5d7feec0-3db7-4574-a359-fabe1a002fef	???????? ???????? ???????? ?????????? ?????? ???????? ???? ?????????? ???????? ?????????? ????.	title=?????? ????????
daily_mood_hafez_poems	interpretation	6632ba21-0ef4-49ce-8939-034053dca58c	???? ???????????????? ???????????? ?????????? ???????? ???? ????????????????? ?????????????? ?????? ?????????????.	title=?????? ??????????
daily_mood_hafez_poems	interpretation	678ab6e8-2912-401d-8372-52d545838ef8	???? ??????????????? ?????????? ?????????? ???? ???? ???? ???? ?????? ??????.	title=?????? ??????????
daily_mood_hafez_poems	interpretation	7e43de16-348f-44f2-8186-ddf589e16906	?????? ?????? ???????????? ???? ???? ?????????????? ?????????????.	title=?????? ??????
daily_mood_hafez_poems	interpretation	81dad328-1b7f-4c05-941e-5a3007c2bce6	???????????? ?????????? ???????? ???? ???????????? ?????? ???????? ??????????.	title=?????? ??????????
daily_mood_hafez_poems	interpretation	849b177e-97d0-4e0d-b550-c6f599aeda18	?????? ?????? ???????????? ???? ???? ?????????????? ?????????????.	title=?????? ??????
daily_mood_hafez_poems	interpretation	9d80b291-8dfc-4d2d-90e9-fc6cdf70165a	???????????? ?????????? ???????? ???? ???????????? ?????? ???????? ??????????.	title=?????? ??????????
daily_mood_hafez_poems	interpretation	a4ae04d0-a6d3-4a4e-b4e2-5d8fef09b231	?????? ?????? ???????????? ???? ???? ?????????????? ?????????????.	title=?????? ??????
daily_mood_hafez_poems	interpretation	a9b063ba-3530-48dd-910d-e42e9adb5f70	???????????? ?????????? ???????? ???? ???????????? ?????? ???????? ??????????.	title=?????? ??????????
daily_mood_hafez_poems	interpretation	c5c89460-97f6-40f6-a6a4-77d9af0854bb	???????????? ?????? ???? ?????? ???????? ???? ???? ?????????? ???????? ????.	title=?????? ??????????
daily_mood_hafez_poems	interpretation	e9ab8688-a66b-4a4f-b85e-e4892184387c	???? ???????????????? ???????????? ?????????? ???????? ???? ????????????????? ?????????????? ?????? ?????????????.	title=?????? ??????????
daily_mood_hafez_poems	interpretation	f72a1738-37ad-44d0-b4b6-b8814c56a807	???????? ???????? ???????? ?????????? ?????? ???????? ???? ?????????? ???????? ?????????? ????.	title=?????? ????????
daily_mood_hafez_poems	interpretation	f7f3ac51-3b7f-4cd4-809f-09877700c577	???? ??????????????? ?????????? ?????????? ???? ???? ???? ???? ?????? ??????.	title=?????? ??????????
daily_mood_hafez_poems	interpretation	fadf57ce-1dae-404b-897d-48f53fd88fb4	???????????? ?????? ???? ?????? ???????? ???? ???? ?????????? ???????? ????.	title=?????? ??????????
daily_mood_hafez_poems	interpretation	fb5050c3-ba12-427d-ad24-d8c714387146	???????? ???????? ???????? ?????????? ?????? ???????? ???? ?????????? ???????? ?????????? ????.	title=?????? ????????
daily_mood_hafez_poems	interpretation	ff4ff35d-034d-43b9-a0c5-712ee0ccdc41	?????? ?????????? ?? ?????????? ???????? ??????.	title=?????? ??????????
daily_mood_hafez_poems	poem_text	0ebd5090-e10c-4baa-8323-be9511b884c0	???? ???? ???? ?????? ?????? ?????????? ???????? ?????????? / ?????? ???? ???? ?????? ?????? ?????????????? ?? ?????????? ???? ????????	title=?????? ??????????
daily_mood_hafez_poems	poem_text	30e3300b-c02a-48fb-ad28-997ca94aad11	???????? ???????? ???? ?????? ???????? ?? ???????? ???????? / ?????????? ???? ???????? ?????????? ???? ?????? ?? ????????	title=?????? ??????????
daily_mood_hafez_poems	poem_text	355819b0-3f60-4157-8948-940e1da6ba31	?????? ???? ???? ?????????????????? ?? ???? ???? ???????? ?????????????? / ?????? ???? ?????? ?????????????? ?? ???????? ???? ??????????????????	title=?????? ??????????
daily_mood_hafez_poems	poem_text	444493ab-5a7d-44ff-abff-5672b7e5dc39	???????? ???????? ???? ??????????????????? ?????????? ???? ???? ???? / ?????????? ???? ?????? ?????? ?????????????????? ???? ???? ????	title=?????? ??????????
daily_mood_hafez_poems	poem_text	4f9788ef-f734-475c-8044-20320e256162	?????? ???? ???? ?????????????????? ?? ???? ???? ???????? ?????????????? / ?????? ???? ?????? ?????????????? ?? ???????? ???? ??????????????????	title=?????? ??????????
daily_mood_hafez_poems	poem_text	5d7feec0-3db7-4574-a359-fabe1a002fef	?????? ???? ???????? ???????????? ?????? ???????? ?? ???????????? / ???? ?????? ???????? ???????? ?????? ?????? ?????????? ???????????????	title=?????? ????????
daily_mood_hafez_poems	poem_text	6632ba21-0ef4-49ce-8939-034053dca58c	???????? ???????? ???? ??????????????????? ?????????? ???? ???? ???? / ?????????? ???? ?????? ?????? ?????????????????? ???? ???? ????	title=?????? ??????????
daily_mood_hafez_poems	poem_text	678ab6e8-2912-401d-8372-52d545838ef8	???? ???? ???? ?????? ?????? ?????????? ???????? ?????????? / ?????? ???? ???? ?????? ?????? ?????????????? ?? ?????????? ???? ????????	title=?????? ??????????
daily_mood_hafez_poems	poem_text	7e43de16-348f-44f2-8186-ddf589e16906	?????? ?? ?????? ???? ???? ???????????? ????????????????? / ???? ?????? ?????? ???????? ?????? ??????	title=?????? ??????
daily_mood_hafez_poems	poem_text	81dad328-1b7f-4c05-941e-5a3007c2bce6	???? ???????? ?????????? ???????????? ?????????? / ???????? ?????????? ???? ?????????? ????????????? ????	title=?????? ??????????
daily_mood_hafez_poems	poem_text	849b177e-97d0-4e0d-b550-c6f599aeda18	?????? ?? ?????? ???? ???? ???????????? ????????????????? / ???? ?????? ?????? ???????? ?????? ??????	title=?????? ??????
daily_mood_hafez_poems	poem_text	9d80b291-8dfc-4d2d-90e9-fc6cdf70165a	???? ???????? ?????????? ???????????? ?????????? / ???????? ?????????? ???? ?????????? ????????????? ????	title=?????? ??????????
daily_mood_hafez_poems	poem_text	a4ae04d0-a6d3-4a4e-b4e2-5d8fef09b231	?????? ?? ?????? ???? ???? ???????????? ????????????????? / ???? ?????? ?????? ???????? ?????? ??????	title=?????? ??????
daily_mood_hafez_poems	poem_text	a9b063ba-3530-48dd-910d-e42e9adb5f70	???? ???????? ?????????? ???????????? ?????????? / ???????? ?????????? ???? ?????????? ????????????? ????	title=?????? ??????????
daily_mood_hafez_poems	poem_text	c5c89460-97f6-40f6-a6a4-77d9af0854bb	???????? ???????? ???? ?????? ???????? ?? ???????? ???????? / ?????????? ???? ???????? ?????????? ???? ?????? ?? ????????	title=?????? ??????????
daily_mood_hafez_poems	poem_text	e9ab8688-a66b-4a4f-b85e-e4892184387c	???????? ???????? ???? ??????????????????? ?????????? ???? ???? ???? / ?????????? ???? ?????? ?????? ?????????????????? ???? ???? ????	title=?????? ??????????
daily_mood_hafez_poems	poem_text	f72a1738-37ad-44d0-b4b6-b8814c56a807	?????? ???? ???????? ???????????? ?????? ???????? ?? ???????????? / ???? ?????? ???????? ???????? ?????? ?????? ?????????? ???????????????	title=?????? ????????
daily_mood_hafez_poems	poem_text	f7f3ac51-3b7f-4cd4-809f-09877700c577	???? ???? ???? ?????? ?????? ?????????? ???????? ?????????? / ?????? ???? ???? ?????? ?????? ?????????????? ?? ?????????? ???? ????????	title=?????? ??????????
daily_mood_hafez_poems	poem_text	fadf57ce-1dae-404b-897d-48f53fd88fb4	???????? ???????? ???? ?????? ???????? ?? ???????? ???????? / ?????????? ???? ???????? ?????????? ???? ?????? ?? ????????	title=?????? ??????????
daily_mood_hafez_poems	poem_text	fb5050c3-ba12-427d-ad24-d8c714387146	?????? ???? ???????? ???????????? ?????? ???????? ?? ???????????? / ???? ?????? ???????? ???????? ?????? ?????? ?????????? ???????????????	title=?????? ????????
daily_mood_hafez_poems	poem_text	ff4ff35d-034d-43b9-a0c5-712ee0ccdc41	?????? ???? ???? ?????????????????? ?? ???? ???? ???????? ?????????????? / ?????? ???? ?????? ?????????????? ?? ???????? ???? ??????????????????	title=?????? ??????????
daily_mood_hafez_poems	title	0ebd5090-e10c-4baa-8323-be9511b884c0	?????? ??????????	title=?????? ??????????
daily_mood_hafez_poems	title	30e3300b-c02a-48fb-ad28-997ca94aad11	?????? ??????????	title=?????? ??????????
daily_mood_hafez_poems	title	355819b0-3f60-4157-8948-940e1da6ba31	?????? ??????????	title=?????? ??????????
daily_mood_hafez_poems	title	444493ab-5a7d-44ff-abff-5672b7e5dc39	?????? ??????????	title=?????? ??????????
daily_mood_hafez_poems	title	4f9788ef-f734-475c-8044-20320e256162	?????? ??????????	title=?????? ??????????
daily_mood_hafez_poems	title	5d7feec0-3db7-4574-a359-fabe1a002fef	?????? ????????	title=?????? ????????
daily_mood_hafez_poems	title	6632ba21-0ef4-49ce-8939-034053dca58c	?????? ??????????	title=?????? ??????????
daily_mood_hafez_poems	title	678ab6e8-2912-401d-8372-52d545838ef8	?????? ??????????	title=?????? ??????????
daily_mood_hafez_poems	title	7e43de16-348f-44f2-8186-ddf589e16906	?????? ??????	title=?????? ??????
daily_mood_hafez_poems	title	81dad328-1b7f-4c05-941e-5a3007c2bce6	?????? ??????????	title=?????? ??????????
daily_mood_hafez_poems	title	849b177e-97d0-4e0d-b550-c6f599aeda18	?????? ??????	title=?????? ??????
daily_mood_hafez_poems	title	9d80b291-8dfc-4d2d-90e9-fc6cdf70165a	?????? ??????????	title=?????? ??????????
daily_mood_hafez_poems	title	a4ae04d0-a6d3-4a4e-b4e2-5d8fef09b231	?????? ??????	title=?????? ??????
daily_mood_hafez_poems	title	a9b063ba-3530-48dd-910d-e42e9adb5f70	?????? ??????????	title=?????? ??????????
daily_mood_hafez_poems	title	c5c89460-97f6-40f6-a6a4-77d9af0854bb	?????? ??????????	title=?????? ??????????
daily_mood_hafez_poems	title	e9ab8688-a66b-4a4f-b85e-e4892184387c	?????? ??????????	title=?????? ??????????
daily_mood_hafez_poems	title	f72a1738-37ad-44d0-b4b6-b8814c56a807	?????? ????????	title=?????? ????????
daily_mood_hafez_poems	title	f7f3ac51-3b7f-4cd4-809f-09877700c577	?????? ??????????	title=?????? ??????????
daily_mood_hafez_poems	title	fadf57ce-1dae-404b-897d-48f53fd88fb4	?????? ??????????	title=?????? ??????????
daily_mood_hafez_poems	title	fb5050c3-ba12-427d-ad24-d8c714387146	?????? ????????	title=?????? ????????
daily_mood_hafez_poems	title	ff4ff35d-034d-43b9-a0c5-712ee0ccdc41	?????? ??????????	title=?????? ??????????
daily_mood_questions	question_text	03da0b89-aaf1-493a-9e0e-332dfa30aa22	???????? ???????? ?????????? ??????????????????? ??????????????	""
daily_mood_questions	question_text	087b7810-1b77-429e-b472-492cb96cf97a	?????? ?????????? ???? ???? ???? ???????? ?????????? ????????	""
daily_mood_questions	question_text	089d03f7-8c70-4757-a3dc-ab898857475e	?????? ???? ?????? ???????? ?????? ????????????? ???????? ???????? ?????????????	""
daily_mood_questions	question_text	09d71912-13ca-41ad-a3aa-9660d6c29c52	???????? ???????? ?????????? ??????????????????? ??????????????	""
daily_mood_questions	question_text	0a6fad1e-61fb-4623-a2f6-68a90d54a633	?????? ?????????? ???? ???? ???? ???????? ?????????? ????????	""
daily_mood_questions	question_text	0be07c2a-ab24-444f-b613-ca512fc3a69e	???????? ?????? ?????????????? ??????????	""
daily_mood_questions	question_text	0c4f3d34-2d12-4ed8-b710-f485fa4fe3ba	?????? ?????????? ???? ???? ???? ???????? ?????????? ????????	""
daily_mood_questions	question_text	0cead78e-cbd8-4e27-8faf-b2cdf18fcb13	?????????????? ?????????? ?????????? ?????????? ???? ???????? ?????? ????????	""
daily_mood_questions	question_text	0fd6d132-7606-4896-a1b2-ef539cf04e99	???? ???????? ?????????? ???????? ???? ???????? ????????	""
daily_mood_questions	question_text	145c6835-bc1c-42c8-abc2-91c2c461a0d6	???? ???????? ???????? ???????? ????????	""
daily_mood_questions	question_text	16981c5a-d493-44e7-9461-e682152ecfa7	???????? ???????? ???????? ???? ???????? ?????????? ????????	""
daily_mood_questions	question_text	1b2e431c-5984-422f-994f-960bd4c0e089	???? ???? ???????? ???????? ??????????	""
daily_mood_questions	question_text	1bf2e3d8-c736-442f-89d8-f0cb19f59a1e	???????? ???????? ???????????? ?????? ?????????? ???? ????????????	""
daily_mood_questions	question_text	1c0af071-36d1-49ef-ac2a-518259f52496	???????? ???????? ?????????? ?????????? ????????	""
daily_mood_questions	question_text	1cd6e062-73c6-49b3-9c19-06472ad6eda7	???? ???????? ?????????? ???????? ???? ???????? ????????	""
daily_mood_questions	question_text	2013debf-7021-4af0-9caf-ef2bde5105ed	?????? ?????????? ???? ???? ???? ???????? ?????????? ????????	""
daily_mood_questions	question_text	204383de-a45b-4eb0-8d57-4d4fa99a79da	???????? ???????? ???????????? ????????????	""
daily_mood_questions	question_text	25195147-5c9d-4fe4-a7d7-1d53b60e8eb3	???? ???????? ?????????? ???????? ???? ???????? ????????	""
daily_mood_questions	question_text	25ed36e5-4aba-4350-bff4-6ec25854b2d9	???????? ???????? ?????????? ?????????? ????????	""
daily_mood_questions	question_text	264e4318-2379-4e8a-a0c1-96468ae35ebe	?????? ???????? ???????? ??????????	""
daily_mood_questions	question_text	26670b24-477a-4f3f-9f9c-983a0e41e8c5	???? ???????? ???????? ???????? ????????	""
daily_mood_questions	question_text	26d4fb8e-cc73-41f2-97a9-78fafd3acf82	?????? ???????? ??????????	""
daily_mood_questions	question_text	26ff24a1-53c2-4877-ba03-86440fff769a	???????? ?????? ????????????????? ???????? ????????	""
daily_mood_questions	question_text	2843c4ba-2add-4d73-b712-07c09216ac26	???? ???????? ??????????????????? ?????????? ???? ?????? ????????????? ????????	""
daily_mood_questions	question_text	28891a40-3674-4660-b8f2-e96b93a7105a	?????????? ???? ???????????? ??????????	""
daily_mood_questions	question_text	29b29859-28ba-468b-8465-41273157d2be	???????? ?????? ????????????????? ???????? ????????	""
daily_mood_questions	question_text	2bb96a94-4340-4990-8649-45cbd1e2a343	?????? ?????????? ???? ???? ???? ???????? ?????????? ????????	""
daily_mood_questions	question_text	2c2f5e73-623f-42c9-bab3-d9b3acb553cc	???????? ???????? ???????????? ????????????	""
daily_mood_questions	question_text	2e2ee058-0f96-490b-a564-5598ec3a3794	???????? ???????? ???????????? ?????? ?????????? ???? ????????????	""
daily_mood_questions	question_text	3480c610-2942-47b5-b945-be43565171ba	???? ?????? ???????????? ???????? ???????? ???? ???????? ???????????????	""
daily_mood_questions	question_text	3d70bd94-8af4-4eb7-9d34-a5843c45a78c	???????? ???? ???????? ?????????? ???????????? ??????????	""
daily_mood_questions	question_text	4109ebc5-be1b-4444-ba97-1c8b8015cff8	???????? ?????? ???????? ?????? ????????????	""
daily_mood_questions	question_text	41f851de-b4e6-4d38-9acb-ea391f015d3b	?????? ???? ?????? ???????? ?????? ????????????? ???????? ???????? ?????????????	""
daily_mood_questions	question_text	458c9a49-9c82-4564-8774-303aa597c7c6	???????? ???????? ????????	""
daily_mood_questions	question_text	4afaabde-a1fc-466d-95bc-61c4a9924269	?????? ???? ?????? ???????? ?????? ????????????? ???????? ???????? ?????????????	""
daily_mood_questions	question_text	4df90da2-69dd-4208-add7-4b1b7d1259e3	?????? ?????????? ???? ???????? ?????????? ???????? ???? ???? ????????	""
daily_mood_questions	question_text	50ffcb20-bd65-4f0e-937f-52a77194c05b	?????? ???????????????? ???????? ????????	""
daily_mood_questions	question_text	51a27217-8620-4751-83ac-660119bf2eb2	???????? ?????? ???????? ?????? ????????????	""
daily_mood_questions	question_text	557c6c82-6355-47a2-bd1e-ca99445a80b0	???? ???? ???????? ???????? ??????????	""
daily_mood_questions	question_text	56b3f8db-7b56-40a6-935a-b501f22f059e	?????????? ?????????? ?????????? ???? ???? ???????? ????????	""
daily_mood_questions	question_text	5a43d829-5173-4352-9b9f-ca30453f0fce	???????? ???? ???????? ?????????? ???????????? ??????????	""
daily_mood_questions	question_text	5cf215cf-290f-4b31-b20f-e3e909d062ae	?????? ?????????? ???? ???? ???? ???????? ?????????? ????????	""
daily_mood_questions	question_text	6269a904-d609-42b0-8245-070709c846cf	?????????? ???? ???????? ?????? ???????????? ????????	""
daily_mood_questions	question_text	63a1e66c-5cea-4260-bcc5-c553513972e3	???? ???????? ???????? ?????????? ???????????????	""
daily_mood_questions	question_text	649915e3-b2d2-487b-b892-fd0215d1a1d8	?????????????? ?????????? ???????? ???? ???????? ????????	""
daily_mood_questions	question_text	657f8801-88b4-4c40-902d-4cac5ead0172	?????? ?????????? ???? ???? ???? ???????? ?????????? ????????	""
daily_mood_questions	question_text	65cea72c-6a14-4c83-a225-77e19b59de2e	?????????? ?????????? ?????????? ???? ???? ???????? ????????	""
daily_mood_questions	question_text	6981c376-596d-4317-bc63-c8ab35dfb222	???????? ???????? ?????????? ?????????? ????????	""
daily_mood_questions	question_text	718506a5-3682-4aae-bd99-c58e4bfff811	???? ???? ???????? ???????? ??????????	""
daily_mood_questions	question_text	79064b6c-15f8-4094-a763-044165432d13	?????????????? ?????????? ?????????? ?????????? ???? ???????? ?????? ????????	""
daily_mood_questions	question_text	7a457f51-06de-4604-bb0f-d9645a91418d	?????????? ???? ???????? ?????? ?????? ??????????	""
daily_mood_questions	question_text	7ec21486-1052-401f-902e-c919462b8f62	???? ???????? ??????????????????? ?????????? ???? ?????? ????????????? ????????	""
daily_mood_questions	question_text	81cfe4f9-bbd0-4a22-8c61-8b7c53b048ce	???????? ???????? ???????????? ???????????? ????????	""
daily_mood_questions	question_text	8a3cc35b-04d1-4586-8ee6-fdcf5db9bc16	?????? ???????????????? ???????? ????????	""
daily_mood_questions	question_text	91155549-eb32-4ced-97ce-74a530472f5c	???????? ?????? ????????????????? ???????? ????????	""
daily_mood_questions	question_text	96ec6342-4d89-40dc-a158-eaf45d6d42d3	?????????? ???? ???????? ?????? ?????? ??????????	""
daily_mood_questions	question_text	9738f10a-2abe-47f8-ad22-0fc4afa4aa68	?????????? ???? ???????? ?????? ???????????? ????????	""
daily_mood_questions	question_text	9f371ead-ea74-4b78-8433-8189de957124	???????? ???? ???????? ?????????? ???????????? ??????????	""
daily_mood_questions	question_text	9f384b94-93b9-4bfc-9dc8-345d9a2558b0	???? ???????? ???????? ???????? ????????	""
daily_mood_questions	question_text	a3af381a-979a-482b-b702-1b50ab6a9ef6	?????????? ???? ???????????? ??????????	""
daily_mood_questions	question_text	a468c764-dc6e-4df4-b6c1-25b495fa44d0	???????? ???????? ???????????? ???????????? ????????	""
daily_mood_questions	question_text	a48c5d4d-039b-4254-b046-cb5398f7266f	?????????? ?????????? ?????????? ???? ???? ???????? ????????	""
daily_mood_questions	question_text	a4d5c8a5-ec0b-4cf0-b2a8-5b4536d80fe8	???????? ???????? ???????????? ?????? ?????????? ???? ????????????	""
daily_mood_questions	question_text	a61948a5-3ce6-4e1e-b9e4-b5686c2c78eb	???????? ?????? ?????????????? ??????????	""
daily_mood_questions	question_text	a61f4c27-e567-4774-9e24-772e776d7664	???????? ???????? ????????	""
daily_mood_questions	question_text	aa403ca0-3081-44b7-a0b7-c1be185245e0	???????? ?????? ?????????????? ??????????	""
daily_mood_questions	question_text	ab3a7a59-e42c-4353-b8b9-9e02bd709e3e	???????? ???????? ???????? ???? ???????? ?????????? ????????	""
daily_mood_questions	question_text	acd46701-f758-4fdb-bcaa-9b9586c778ef	?????????????? ?????????? ?????????? ?????????? ???? ???????? ?????? ????????	""
daily_mood_questions	question_text	b325c57d-bb43-43bc-88ee-932d8e5439c1	?????? ???????? ??????????	""
daily_mood_questions	question_text	c078da21-2a43-4918-82f1-a089adf288a3	?????? ???????? ???????? ??????????	""
daily_mood_questions	question_text	c20cb997-202b-4e0a-96a8-38b0897a5f42	???? ???????? ???????? ?????????? ???????????????	""
daily_mood_questions	question_text	c76572b4-7acd-437f-a5e4-1e6985044318	?????? ???????? ??????????	""
daily_mood_questions	question_text	c7a5fd24-d47e-4695-a3ba-1a8c561fb8a0	???????? ?????? ???????? ?????? ????????????	""
daily_mood_questions	question_text	c7a6594d-f43b-4384-8e66-2fd56fc6c0f7	?????????????? ?????????? ???????? ???? ???????? ????????	""
daily_mood_questions	question_text	c8c91db9-3836-4399-a279-0f457d51249a	?????????? ???? ???????????? ??????????	""
daily_mood_questions	question_text	cc107349-721a-4fca-b1b5-929613f624b0	?????? ?????????? ???? ???????? ?????????? ???????? ???? ???? ????????	""
daily_mood_questions	question_text	ccabddb4-c9bd-4117-b9a6-72f3d4d523a5	???? ?????? ???????????? ???????? ???????? ???? ???????? ???????????????	""
daily_mood_questions	question_text	d3479c08-16fc-4d13-84ef-d05bd7e7ef77	???????? ???????? ???????? ???? ???????? ?????????? ????????	""
daily_mood_questions	question_text	d6cb22a8-23d5-4267-b07f-792ae64eb542	?????? ?????????? ???? ???? ???? ???????? ?????????? ????????	""
daily_mood_questions	question_text	d7b39987-d364-42c5-9f15-2ab2b743f357	?????? ???????? ???????? ??????????	""
daily_mood_questions	question_text	ddfb08b2-d30b-46b3-8877-84dd196419dd	???? ?????? ???????????? ???????? ???????? ???? ???????? ???????????????	""
daily_mood_questions	question_text	e0fdd27e-fd8f-4c69-8c77-6063dc268b3b	???????? ???????? ????????	""
daily_mood_questions	question_text	e5906f9e-a6e1-4ab0-8086-ad9236974cc6	?????? ?????????? ???? ???????? ?????????? ???????? ???? ???? ????????	""
daily_mood_questions	question_text	e67e9777-bb1d-4cb7-98e0-27a60330c931	?????????????? ?????????? ???????? ???? ???????? ????????	""
daily_mood_questions	question_text	e7578976-6785-4a02-baff-eabbfadf0d3f	?????????? ???? ???????? ?????? ?????? ??????????	""
daily_mood_questions	question_text	e86fbce4-d82b-4085-99ee-e5f704926c34	???????? ???????? ???????????? ????????????	""
daily_mood_questions	question_text	ea00ead6-1b4a-4d81-8d0c-97446e0184b6	???????? ???????? ???????????? ???????????? ????????	""
daily_mood_questions	question_text	edc15e5d-cda9-47eb-94bf-c7cfe8085e40	?????? ?????????? ???? ???? ???? ???????? ?????????? ????????	""
daily_mood_questions	question_text	efed8113-0071-4dac-a24a-0f16aed16218	?????? ???????????????? ???????? ????????	""
daily_mood_questions	question_text	f25ad36b-95d6-4c60-bbce-52af4a01b416	???????? ???????? ?????????? ??????????????????? ??????????????	""
daily_mood_questions	question_text	f378760d-1cf5-409c-8e68-5db0deb8bdc4	???? ???????? ???????? ?????????? ???????????????	""
daily_mood_questions	question_text	f98fc7b7-bc83-49ae-be21-2e954cfa694f	?????????? ???? ???????? ?????? ???????????? ????????	""
daily_mood_questions	question_text	fb7c4b35-ec7b-455b-8a66-90b023606460	???? ???????? ??????????????????? ?????????? ???? ?????? ????????????? ????????	""
daily_mood_scenarios	title	0236e958-9054-43d6-b8f0-262dc220db7e	?????? ??????	title=?????? ??????
daily_mood_scenarios	title	12b1710c-03e3-4fda-8c15-4fc32127d62e	????????????	title=????????????
daily_mood_scenarios	title	144bf74b-1aae-4097-9002-dc91dafa8a76	????????????	title=????????????
daily_mood_scenarios	title	4a1a62dc-0f30-4cfb-a2b4-64ad098ea2eb	??????????????	title=??????????????
daily_mood_scenarios	title	4fefa6b5-f279-45b1-95d5-54a5a5c391cc	????????????	title=????????????
daily_mood_scenarios	title	7366648b-916a-4ecc-a6e5-15788e03f651	?????? ????????????	title=?????? ????????????
daily_mood_scenarios	title	855534f6-8712-41b9-a5b6-38bd426c1959	??????????	title=??????????
daily_mood_scenarios	title	874081e1-87d7-4603-b8e6-037f00a80db7	???????????? ?? ????????????	title=???????????? ?? ????????????
daily_mood_scenarios	title	e232d36e-6dcb-4771-b222-9541873f2670	??????????????	title=??????????????
daily_mood_scenarios	title	ec60e58f-5446-4fac-8620-47a38a83eeb8	??????????????	title=??????????????
dynamic_table_cells	value_text	01dc6c4f-b5e6-4f91-b0c1-779ce875100f	پیشنهاد?? سایت	""
dynamic_table_cells	value_text	02360868-d21f-4394-afab-b5257b7fa695	آقا آرمین?? پیشنهاد	""
dynamic_table_cells	value_text	038be29c-7e33-4b78-b850-943948b4c61e	پیشنهاد?? خانم میترا افرا?? سایت	""
dynamic_table_cells	value_text	072e7a02-4bca-45f8-ac6e-20ac4d507841	پیشنهاد?? سایت?? علی آقا	""
dynamic_table_cells	value_text	0844ed10-1679-4440-8311-2cb4800ac047	پیشنهاد?? خانم ترابی?? سایت	""
dynamic_table_cells	value_text	086df3b4-20ca-4820-830e-f9499fa841a8	پیشنهاد?? علی آقا	""
dynamic_table_cells	value_text	0883f4ad-7ab3-477e-8fa5-a7fb4806e6d3	پیشنهاد?? خانم میترا افرا	""
dynamic_table_cells	value_text	096c54ae-37cd-4085-96e6-a09f02b7caac	پیشنهاد?? سایت?? علی آقا	""
dynamic_table_cells	value_text	09cdc30b-a24a-4156-8888-1f09399e092c	پیشنهاد?? خانم صالحی، کریمی، رضایی	""
dynamic_table_cells	value_text	09f13234-b21b-4535-a5ae-a264d94c84cc	پیشنهاد?? سایت	""
dynamic_table_cells	value_text	0a25c07f-6333-498b-9454-aa3d882d7396	پیشنهاد?? سایت	""
dynamic_table_cells	value_text	0ae77a3a-608c-40c9-bd47-d037f2f99148	پیشنهاد?? خانم صالحی، کریمی، رضایی?? سایت	""
dynamic_table_cells	value_text	0b07fdaa-46f0-4984-a258-636d4a30639c	پیشنهاد?? علی آقا	""
dynamic_table_cells	value_text	0c1f271b-0be1-48ee-8a06-00d7aa97412b	پیشنهاد?? خانم میترا افرا	""
dynamic_table_cells	value_text	0d2764f8-d9d4-4111-9cb2-7d51d3ede4bf	پیشنهاد?? علی آقا	""
dynamic_table_cells	value_text	0d388d0e-0814-442f-8147-281f9b118dad	پیشنهاد?? خانم صالحی، کریمی، رضایی?? سایت	""
dynamic_table_cells	value_text	0d53c217-be2b-4f9e-8f4d-574694a0227e	پیشنهاد?? علی آقا	""
dynamic_table_cells	value_text	0dd9ad11-3a13-479e-8a46-352be296e996	پیشنهاد?? سایت	""
dynamic_table_cells	value_text	0ef21086-63f1-4709-bff0-79de5e13bb33	پیشنهاد?? خانم میترا افرا?? سایت	""
dynamic_table_cells	value_text	11b97f1e-0290-4c05-919d-fb20b0d4a22b	پیشنهاد?? خانم میترا افرا?? سایت	""
dynamic_table_cells	value_text	11d5041b-fdde-4fc4-bdcf-c1b3d60b9bc3	پیشنهاد?? خانم صالحی، کریمی، رضایی	""
dynamic_table_cells	value_text	12abd839-7fcf-48f0-85ef-c1b29d1f6c89	پیشنهاد?? خانم صالحی، کریمی، رضایی	""
dynamic_table_cells	value_text	14e15fbe-f68d-40de-aa42-bea008da0a29	پیشنهاد?? خانم صالحی، کریمی، رضایی?? سایت	""
dynamic_table_cells	value_text	1669118f-a25d-4104-9f38-8da91df82f7a	پیشنهاد?? خانم صالحی، کریمی، رضایی	""
dynamic_table_cells	value_text	16a9e9e6-d353-4a0f-8314-8fb3ac854dc4	پیشنهاد?? خانم میترا افرا	""
dynamic_table_cells	value_text	16e8b964-5829-43a8-966c-202381a1b831	پیشنهاد?? خانم میترا افرا	""
dynamic_table_cells	value_text	173b7c8a-befc-43c4-af7e-7b7543c169ce	آقا ولی?? پیشنهاد	""
dynamic_table_cells	value_text	17df2678-e457-47d5-8cb8-0207a20b1271	پیشنهاد?? سایت?? علی آقا	""
dynamic_table_cells	value_text	1891ed7d-6528-468e-901e-a002d48912fe	پیشنهاد?? سایت	""
dynamic_table_cells	value_text	19152cdb-d176-4af1-b265-f8f88b6dabb0	پیشنهاد?? سایت	""
dynamic_table_cells	value_text	1acbc525-558c-4ccb-9b60-375c49b61dcc	پیشنهاد?? خانم صالحی، کریمی، رضایی?? سایت	""
dynamic_table_cells	value_text	1add1c7e-7918-4259-a23c-db3dd29929ab	آقا ولی?? پیشنهاد	""
dynamic_table_cells	value_text	1dabc518-e4f7-47ff-839b-03d634f02de2	پیشنهاد?? خانم صالحی، کریمی، رضایی?? سایت	""
dynamic_table_cells	value_text	1e0eddf4-172b-4e63-a4c0-b6d8ba710ae6	پیشنهاد?? خانم میترا افرا?? سایت	""
dynamic_table_cells	value_text	1e1b9f8e-4679-4fd9-9760-6e73693c7e65	پیشنهاد?? علی آقا	""
dynamic_table_cells	value_text	1e707249-1aad-49b9-8dc5-1a099d3d0f55	پیشنهاد?? خانم صالحی، کریمی، رضایی?? سایت	""
dynamic_table_cells	value_text	1e939ee8-4625-4062-a94b-e7c392418154	پیشنهاد?? سایت	""
dynamic_table_cells	value_text	1fb1a85f-8064-4354-9d67-e03937d789b8	پیشنهاد?? خانم صالحی، کریمی، رضایی?? سایت	""
dynamic_table_cells	value_text	1fc8ee3a-ec2f-4bae-80f7-7cc609420911	پیشنهاد?? خانم صالحی، کریمی، رضایی?? سایت	""
dynamic_table_cells	value_text	215f65d8-259a-4918-ba4e-de20fb925029	پیشنهاد?? سایت	""
dynamic_table_cells	value_text	22a0f3b5-ba67-4d70-a306-2800a84ce1d5	آقا ولی?? پیشنهاد	""
dynamic_table_cells	value_text	251ed5fa-e98d-4bd5-8855-ba8cd11e2779	پیشنهاد?? تبلیغات?? خانم ترابی	""
dynamic_table_cells	value_text	252aba09-4191-431c-9113-48b93ffc8c2b	پیشنهاد?? سایت	""
dynamic_table_cells	value_text	26733bf3-fe4f-4536-8049-696487ebe899	پیشنهاد?? سایت	""
dynamic_table_cells	value_text	2974809f-fcf9-4c11-ac98-7850218dcc93	پیشنهاد?? علی آقا	""
dynamic_table_cells	value_text	29827a1f-5e90-44f0-b5b3-6c6e216c40b6	پیشنهاد?? خانم صالحی، کریمی، رضایی?? سایت	""
dynamic_table_cells	value_text	2c27e274-8778-464c-bb23-c78cbf70d129	آقا ولی?? پیشنهاد?? سایت	""
dynamic_table_cells	value_text	2cf18033-a402-4467-8f8f-b336e6b62b86	پیشنهاد?? خانم آبادی?? سایت	""
dynamic_table_cells	value_text	30138112-7892-4d89-82ec-5b32e00f7243	پیشنهاد?? سایت	""
dynamic_table_cells	value_text	306c5220-85fa-4a10-b77e-0e15b40d1b30	پیشنهاد?? سایت	""
dynamic_table_cells	value_text	30e4db72-69b9-41b3-b773-2556e54059fc	پیشنهاد?? خانم صالحی، کریمی، رضایی	""
dynamic_table_cells	value_text	33d9cec9-13d4-4a15-aaa2-08ad5014f5cb	پیشنهاد?? خانم صالحی، کریمی، رضایی?? سایت	""
dynamic_table_cells	value_text	351e31f5-6087-4e17-a72e-76b7f40ed34b	پیشنهاد?? خانم صالحی، کریمی، رضایی?? سایت	""
dynamic_table_cells	value_text	35f79f32-dd42-4556-856d-d7717ccf4a70	پیشنهاد?? خانم صالحی، کریمی، رضایی	""
dynamic_table_cells	value_text	367a3f46-77d9-4d0b-ae48-7cc4a6d5491b	آقا آرمین?? پیشنهاد	""
dynamic_table_cells	value_text	372227f6-5d30-414a-b84d-c74ef4b61389	پیشنهاد?? خانم صالحی، کریمی، رضایی?? سایت	""
dynamic_table_cells	value_text	3888f8a4-9eca-4fc9-9e45-6337e91b00ad	پیشنهاد?? خانم صالحی، کریمی، رضایی?? سایت	""
dynamic_table_cells	value_text	3901c004-6a72-4e53-b774-25e3f7627e5b	پیشنهاد?? علی آقا	""
dynamic_table_cells	value_text	3a068b09-d36c-490e-9431-f0c6b6179617	پیشنهاد?? خانم میترا افرا?? سایت	""
dynamic_table_cells	value_text	3ba26738-a8d2-4d3e-a5da-33cd54768a5d	پیشنهاد?? سایت	""
dynamic_table_cells	value_text	3bb7f6d3-66ab-43f2-8ecc-d7312e012b07	پیشنهاد?? خانم میترا افرا?? سایت	""
dynamic_table_cells	value_text	3c73e7a5-7528-4c32-b450-777d30fabe1d	پیشنهاد?? خانم میترا افرا?? سایت	""
dynamic_table_cells	value_text	3d59aef1-af8c-4045-b611-1f4895f24838	پیشنهاد?? سایت	""
dynamic_table_cells	value_text	3d971f7a-179a-45a7-a57b-3759ddacf26d	پیشنهاد?? سایت	""
dynamic_table_cells	value_text	3dacead1-00d1-4569-bcf0-d24919a0aebb	پیشنهاد?? علی آقا	""
dynamic_table_cells	value_text	3eb651dc-8e8b-4780-b48e-120c6bd02d9e	پیشنهاد?? خانم صالحی، کریمی، رضایی?? سایت	""
dynamic_table_cells	value_text	3ee3e4ab-8a9b-4b15-907a-b2c476537f97	پیشنهاد?? سایت	""
dynamic_table_cells	value_text	3f1f623b-c8d1-4928-8c6b-2498aeeb3d5e	آقا ولی?? پیشنهاد?? سایت	""
dynamic_table_cells	value_text	3fe046b1-3bfe-48e4-bdc6-6f9efb0eb8c7	پیشنهاد?? سایت?? علی آقا	""
dynamic_table_cells	value_text	3ff0ccd1-8d99-420b-b35e-7acc4fb8b7d2	پیشنهاد?? سایت	""
dynamic_table_cells	value_text	40e9aa6f-d120-4925-826b-f2bc1e531b0d	پیشنهاد?? سایت	""
dynamic_table_cells	value_text	40fc526e-f30e-49a3-b897-7488b31b36c2	پیشنهاد?? سایت?? علی آقا	""
dynamic_table_cells	value_text	4275c5bb-cec6-4ab9-9d02-8bf79380acd5	پیشنهاد?? سایت	""
dynamic_table_cells	value_text	43848f70-de48-4e8e-85d6-a854468330fa	آقا ولی?? پیشنهاد?? سایت	""
dynamic_table_cells	value_text	439e0beb-b384-46d3-b902-0dbe2505130d	پیشنهاد?? سایت	""
dynamic_table_cells	value_text	46c59c54-5e95-42ca-8455-af9a9bd729f4	پیشنهاد?? سایت	""
dynamic_table_cells	value_text	46cca9a4-4ae6-4e36-b041-e21ec2e8ecae	پیشنهاد?? خانم ترابی?? سایت	""
dynamic_table_cells	value_text	4798894c-cbd7-4959-9be9-028cabfd34f9	پیشنهاد?? سایت	""
dynamic_table_cells	value_text	4963f26c-829c-4031-98b8-772bff41b190	پیشنهاد?? سایت	""
dynamic_table_cells	value_text	49755d7a-bab1-4596-b8c6-cbcd812d31e7	پیشنهاد?? خانم میترا افرا	""
dynamic_table_cells	value_text	4a637213-7314-4827-990f-113750b42870	پیشنهاد?? سایت	""
dynamic_table_cells	value_text	4a7af78c-cab5-4d2d-995a-86d608ab6842	پیشنهاد?? خانم صالحی، کریمی، رضایی	""
dynamic_table_cells	value_text	4aa93092-14ba-4c95-8e38-a0593f4154b0	پیشنهاد?? خانم صالحی، کریمی، رضایی?? سایت	""
dynamic_table_cells	value_text	4b2e8da5-b983-4466-9952-81420e327156	پیشنهاد?? سایت	""
dynamic_table_cells	value_text	4bb9e706-a887-43a0-9dcf-3052bba14758	پیشنهاد?? علی آقا	""
dynamic_table_cells	value_text	4cf1c986-5b02-4c2a-8df9-ba3f9834b216	پیشنهاد?? خانم صالحی، کریمی، رضایی	""
dynamic_table_cells	value_text	4d32a402-ff0b-4411-b946-922dd6539b48	آقا ولی?? پیشنهاد	""
dynamic_table_cells	value_text	4d33de8a-e719-4ee2-b634-8cdbb62d78f7	پیشنهاد?? خانم ترابی?? سایت	""
dynamic_table_cells	value_text	4d66055b-b2d0-4beb-91db-5708758c4648	آقا ولی?? پیشنهاد	""
dynamic_table_cells	value_text	4dec75bc-a1a5-4199-8cbf-a331cbc892d9	پیشنهاد?? خانم صالحی، کریمی، رضایی	""
dynamic_table_cells	value_text	4ecbe461-3ce9-4d55-9d2d-cdf25224ec2a	پیشنهاد?? خانم صالحی، کریمی، رضایی	""
dynamic_table_cells	value_text	5047fc3a-2a05-4355-b455-e0f8be9a431f	خانم ترابی?? سایت	""
dynamic_table_cells	value_text	5399d18d-82b0-4f32-a1fa-ae6ca7fd748e	آقا ولی?? پیشنهاد?? سایت	""
dynamic_table_cells	value_text	53ddb664-fa29-4375-baf2-377d17e12001	پیشنهاد?? خانم آبادی?? سایت	""
dynamic_table_cells	value_text	544dde6d-93f8-497b-adb2-2e1cf7df5de3	آقا ولی?? پیشنهاد	""
dynamic_table_cells	value_text	575fbb6b-a164-43fe-9cd6-70adac7fbf11	پیشنهاد?? سایت	""
dynamic_table_cells	value_text	5ac26fa6-6bf7-4e32-b4b0-46454a07ab55	پیشنهاد?? سایت	""
dynamic_table_cells	value_text	5ae43b9b-2216-4d44-8b2f-2f116f87b24d	پیشنهاد?? خانم آبادی?? سایت	""
dynamic_table_cells	value_text	5af44797-0707-4fb1-94e4-f43708db5494	پیشنهاد?? سایت	""
dynamic_table_cells	value_text	5b1762cc-13b0-4fe0-8c09-947f74b881b4	پیشنهاد?? سایت	""
dynamic_table_cells	value_text	5b33f1c4-820c-4a06-8881-a19ccf5af0b4	آقا ولی?? پیشنهاد	""
dynamic_table_cells	value_text	5bd46dba-0e98-4313-9f0b-669aeeb25a13	پیشنهاد?? سایت	""
dynamic_table_cells	value_text	5bf0b6d1-5180-4404-a77c-27ee6981c185	آقا ولی?? پیشنهاد	""
dynamic_table_cells	value_text	5de9ed95-66a3-4edd-9830-f72510feda28	پیشنهاد?? سایت	""
dynamic_table_cells	value_text	5ded2d3d-f0cf-4829-aba5-81ae19084e75	پیشنهاد?? خانم صالحی، کریمی، رضایی?? سایت	""
dynamic_table_cells	value_text	5e21e4b8-cb9c-4c4b-854f-12b85e399ddb	خانم ترابی?? سایت	""
dynamic_table_cells	value_text	5eca1006-f0e9-484f-a6c1-619a1dbe1a5d	پیشنهاد?? سایت	""
dynamic_table_cells	value_text	641bf762-6297-4caf-9fa9-4808c14cf83c	پیشنهاد?? سایت	""
dynamic_table_cells	value_text	64cc4d2d-307d-49d8-bd2d-1d10b0ada3fa	پیشنهاد?? خانم صالحی، کریمی، رضایی	""
dynamic_table_cells	value_text	655a910b-f5f7-4451-9e7d-ef896562957b	پیشنهاد?? سایت	""
dynamic_table_cells	value_text	659c6401-f0cf-499b-9e2b-6715227834ba	پیشنهاد?? خانم صالحی، کریمی، رضایی	""
dynamic_table_cells	value_text	687d7afc-ad41-4d85-b738-5d2405f5a098	آقا ولی?? پیشنهاد	""
dynamic_table_cells	value_text	6b16b87e-edc1-4269-838c-4cc9f32e68d3	پیشنهاد?? سایت	""
dynamic_table_cells	value_text	6b5b9db4-bacd-4e1a-a48b-70ca99a2edc5	پیشنهاد?? علی آقا	""
dynamic_table_cells	value_text	6bfd226e-d755-4edb-9b56-15a1c917939a	پیشنهاد?? سایت	""
dynamic_table_cells	value_text	6cf6401b-7fa1-4b3e-a216-5b0c71ff12b2	پیشنهاد?? علی آقا	""
dynamic_table_cells	value_text	6ea6c7b0-9c99-41ed-a3c6-2e929cbabd61	پیشنهاد?? خانم صالحی، کریمی، رضایی	""
dynamic_table_cells	value_text	6f904c16-b7e5-4f58-97dc-926fb749eead	پیشنهاد?? خانم صالحی، کریمی، رضایی	""
dynamic_table_cells	value_text	6f9db5d3-decc-4bc6-adee-96086c252f9d	پیشنهاد?? خانم صالحی، کریمی، رضایی	""
dynamic_table_cells	value_text	70c66103-7d8c-4f9c-a22d-274622b7cfec	پیشنهاد?? سایت?? علی آقا	""
dynamic_table_cells	value_text	73e729e6-b5eb-4fb8-87b3-7cdc08719a7c	آقا ولی?? پیشنهاد?? سایت	""
dynamic_table_cells	value_text	7691ee60-fba9-40e1-9785-d40a9e2fcabc	پیشنهاد?? سایت	""
dynamic_table_cells	value_text	78049367-c0a4-4c86-82bb-81909038cfee	پیشنهاد?? خانم صالحی، کریمی، رضایی?? سایت	""
dynamic_table_cells	value_text	78591f48-cac7-487c-8b41-4e2d37960757	پیشنهاد?? خانم میترا افرا	""
dynamic_table_cells	value_text	78fea480-d9cb-4127-b0b1-a65b3fcd508c	پیشنهاد?? سایت?? علی آقا	""
dynamic_table_cells	value_text	79543383-0d90-437e-a750-9d26cb8e0e16	پیشنهاد?? خانم میترا افرا	""
dynamic_table_cells	value_text	7aed37b1-9436-486c-9dbb-a17aa1fd39e7	پیشنهاد?? خانم میترا افرا?? سایت	""
dynamic_table_cells	value_text	7b5d5961-ed39-4192-ba07-de0392d3ae09	پیشنهاد?? خانم احمدی?? سایت	""
dynamic_table_cells	value_text	7bf2cdc0-4225-436a-b1c1-b33bdb44ab0a	آقا ولی?? پیشنهاد	""
dynamic_table_cells	value_text	7c8de75e-f1ee-4936-86bc-708f8a9d07cc	پیشنهاد?? خانم میترا افرا?? سایت	""
dynamic_table_cells	value_text	7ce7da0b-1c67-42b1-907d-6f3ce9832685	پیشنهاد?? خانم صالحی، کریمی، رضایی	""
dynamic_table_cells	value_text	7ee2f37c-8dec-4758-b16d-5f525c4ddb23	پیشنهاد?? سایت	""
dynamic_table_cells	value_text	7f8a30fc-e515-49fd-a2e7-a7276081e06f	پیشنهاد?? خانم صالحی، کریمی، رضایی?? سایت	""
dynamic_table_cells	value_text	8006fa0c-5ad6-4470-8470-6419130a0e0b	پیشنهاد?? سایت	""
dynamic_table_cells	value_text	82b902d4-1eaa-45b2-93b7-bdf87283bcc8	پیشنهاد?? سایت	""
dynamic_table_cells	value_text	8332e4f0-f38c-4be8-805f-1b9a25e89ca1	پیشنهاد?? خانم ترابی	""
dynamic_table_cells	value_text	83cec8d5-f28e-4db0-9e7f-f94dad5cdb08	پیشنهاد?? خانم صالحی، کریمی، رضایی	""
dynamic_table_cells	value_text	84a975fe-702c-4448-ac1c-7713e9e3e30f	آقا ولی?? پیشنهاد?? سایت	""
dynamic_table_cells	value_text	85175471-593c-407e-a441-d6351195ea3c	پیشنهاد?? خانم صالحی، کریمی، رضایی	""
dynamic_table_cells	value_text	85b969e6-ce20-40fd-9908-09f9a4337d32	پیشنهاد?? خانم ماهرو?? سایت	""
dynamic_table_cells	value_text	8723d565-129c-4966-9c57-30a592ef11e3	پیشنهاد?? خانم ترابی	""
dynamic_table_cells	value_text	87df2635-63b5-47a0-ae3b-016f74aba20c	آقا ولی?? پیشنهاد	""
dynamic_table_cells	value_text	887e8b05-2489-40a1-80cd-85faf45851b7	پیشنهاد?? خانم صالحی، کریمی، رضایی	""
dynamic_table_cells	value_text	8889ed6f-372f-4098-bcb9-0a988038e0db	پیشنهاد?? خانم میترا افرا?? سایت	""
dynamic_table_cells	value_text	89de9af3-8cd5-4e4c-8f58-931beaac6beb	آقا ولی?? پیشنهاد?? سایت	""
dynamic_table_cells	value_text	8b57dd84-d191-4171-8456-eb3b3aebe37a	پیشنهاد?? سایت	""
dynamic_table_cells	value_text	8d432484-c009-4f4a-ba9c-9d74cd48f7f5	پیشنهاد?? سایت	""
dynamic_table_cells	value_text	8da55474-076c-495c-90c6-1cfabda52207	پیشنهاد?? سایت	""
dynamic_table_cells	value_text	8dde9e10-149b-47b1-af64-6a6c5bce4add	پیشنهاد?? سایت	""
dynamic_table_cells	value_text	8e36ec47-8b9c-4ef6-a639-38a21839c9f6	پیشنهاد?? خانم میترا افرا?? سایت	""
dynamic_table_cells	value_text	8ec2cc18-83ab-4ddc-b1aa-e490d6fabdd5	پیشنهاد?? خانم میترا افرا?? سایت	""
dynamic_table_cells	value_text	8eec61a9-af2d-487c-b80e-f1e4922e392d	پیشنهاد?? خانم آبادی?? سایت	""
dynamic_table_cells	value_text	919dcb98-a540-4202-9ad3-6d11c6656ea3	پیشنهاد?? سایت	""
dynamic_table_cells	value_text	91adc909-a765-4b98-827e-d71d6f8d7c4d	پیشنهاد?? خانم صالحی، کریمی، رضایی?? سایت	""
dynamic_table_cells	value_text	9261dbe6-b825-4068-a32f-6ebaa5f19a88	پیشنهاد?? خانم صالحی، کریمی، رضایی?? سایت	""
dynamic_table_cells	value_text	932d2eb1-a282-4875-90ab-5e670ff676a0	پیشنهاد?? سایت	""
dynamic_table_cells	value_text	93c5d7a6-8551-4df4-bc7c-6f42db24ff31	پیشنهاد?? خانم صالحی، کریمی، رضایی	""
dynamic_table_cells	value_text	96638f39-32ed-4bb5-918d-acf4abc866f9	پیشنهاد?? خانم میترا افرا?? سایت	""
dynamic_table_cells	value_text	97e158d3-df76-46da-be4b-93abcb09d186	پیشنهاد?? علی آقا	""
dynamic_table_cells	value_text	986ee54f-6797-4266-a228-0ae45fddf0f6	پیشنهاد?? خانم صالحی، کریمی، رضایی?? سایت	""
dynamic_table_cells	value_text	9889be30-1023-4466-aa57-d766786f44cf	پیشنهاد?? خانم ماهرو?? سایت	""
dynamic_table_cells	value_text	99feea48-add4-4842-929c-c7f01eec023b	پیشنهاد?? سایت	""
dynamic_table_cells	value_text	9a60253c-df12-4920-a4f1-840992293435	پیشنهاد?? خانم صالحی، کریمی، رضایی	""
dynamic_table_cells	value_text	9a67289e-f707-42d9-8007-17498c8fbac0	پیشنهاد?? سایت	""
dynamic_table_cells	value_text	9a738151-b5f6-41af-9d3c-ffe4d01de166	پیشنهاد?? سایت	""
dynamic_table_cells	value_text	9b58782b-c958-41d9-8d0d-25786d40e1a4	پیشنهاد?? خانم میترا افرا?? سایت	""
dynamic_table_cells	value_text	9bb8abe0-08d4-42c2-9854-1c5bd209e349	پیشنهاد?? خانم صالحی، کریمی، رضایی?? سایت	""
dynamic_table_cells	value_text	9c8d245a-a75a-4d79-82a6-7769880da2a5	آقا ولی?? پیشنهاد?? سایت	""
dynamic_table_cells	value_text	9ce26622-c579-4eaf-9a86-4a1b2425730f	پیشنهاد?? سایت	""
dynamic_table_cells	value_text	9d876320-1fd5-4827-a4b2-583b57c80840	آقا ولی?? پیشنهاد	""
dynamic_table_cells	value_text	9e6eb992-9877-45ca-83ae-dcdfc1fef7c7	آقا ولی?? پیشنهاد	""
dynamic_table_cells	value_text	a091ec1c-471d-4ba0-a753-5a56d13acc15	پیشنهاد?? سایت	""
dynamic_table_cells	value_text	a10c812c-9527-4729-8d29-fd4a2e56809a	پیشنهاد?? سایت	""
dynamic_table_cells	value_text	a29ff228-6603-4fd6-b80c-d6bd07d5c748	پیشنهاد?? سایت	""
dynamic_table_cells	value_text	a38ef162-6bf7-488a-b588-aa445a840ced	آقا آرمین?? پیشنهاد	""
dynamic_table_cells	value_text	a3a60203-6675-45de-8f2b-8cdf72cea4cb	پیشنهاد?? خانم صالحی، کریمی، رضایی?? سایت	""
dynamic_table_cells	value_text	a3e75a61-1982-4f7e-af7c-8a6ae7929904	پیشنهاد?? سایت	""
dynamic_table_cells	value_text	a5d58eb8-90c8-4333-924a-e54fa938f5cc	پیشنهاد?? خانم صالحی، کریمی، رضایی	""
dynamic_table_cells	value_text	aaa29c79-abba-4dcf-af91-2fda6b5b28d1	پیشنهاد?? خانم میترا افرا	""
dynamic_table_cells	value_text	ab7d7665-00b2-457d-90cf-3b2d8d718003	پیشنهاد?? خانم صالحی، کریمی، رضایی	""
dynamic_table_cells	value_text	af171087-4443-43e1-8783-3735b48dbe4e	پیشنهاد?? خانم صالحی، کریمی، رضایی?? سایت	""
dynamic_table_cells	value_text	af324d7c-e738-4798-b807-e83128cd9af0	پیشنهاد?? سایت	""
dynamic_table_cells	value_text	af3d1678-f64e-450a-93a9-7af624e646ba	پیشنهاد?? خانم صالحی، کریمی، رضایی?? سایت	""
dynamic_table_cells	value_text	afad8ed5-4461-4d04-8574-90f84352b46f	پیشنهاد?? خانم صالحی، کریمی، رضایی	""
dynamic_table_cells	value_text	b0053dc8-3f20-4cef-8efb-64d60e31f8d7	آقا ولی?? پیشنهاد	""
dynamic_table_cells	value_text	b069334b-1744-4c4a-ac52-f477c41a6b88	پیشنهاد?? علی آقا	""
dynamic_table_cells	value_text	b22eaaa9-38cd-4bc9-898f-9f00ca6a29da	آقا ولی?? پیشنهاد	""
dynamic_table_cells	value_text	b317d511-0e3b-4be0-b78d-33c8b5e330a1	آقا آرمین?? پیشنهاد?? سایت	""
dynamic_table_cells	value_text	b4b02497-dd87-4af3-af49-f7aceaddf0d9	خانم صالحی، کریمی، رضایی?? سایت	""
dynamic_table_cells	value_text	b4d08e12-b869-4737-976b-f887dc547f2e	پیشنهاد?? خانم میترا افرا	""
dynamic_table_cells	value_text	b54ac43b-386c-44e8-9edb-903b99297e34	پیشنهاد?? سایت	""
dynamic_table_cells	value_text	b54fc8ad-db87-4307-a77e-d582e833836c	پیشنهاد?? خانم میترا افرا	""
dynamic_table_cells	value_text	b5b9be64-8a97-489c-8531-fe1234bbdcd9	پیشنهاد?? علی آقا	""
dynamic_table_cells	value_text	b9abcdec-dd29-46e0-a9e1-d0f2b1579b52	پیشنهاد?? سایت	""
dynamic_table_cells	value_text	ba56255d-e2fc-42fb-a3c8-30d65a605b00	پیشنهاد?? سایت	""
dynamic_table_cells	value_text	ba8862d0-db2d-4a32-a731-b2f524ae636e	پیشنهاد?? خانم صالحی، کریمی، رضایی	""
dynamic_table_cells	value_text	baa5ac7c-c96f-4772-8ad2-8075e33bdb09	آقا ولی?? پیشنهاد	""
dynamic_table_cells	value_text	bb439c23-d00d-4969-8ea0-100c0a5cb10c	پیشنهاد?? خانم میترا افرا?? سایت	""
dynamic_table_cells	value_text	bc735326-a82f-4179-b217-d97e2917d440	آقا آرمین?? پیشنهاد	""
dynamic_table_cells	value_text	bd820263-7cd4-46c9-9051-714cb2f174f2	پیشنهاد?? سایت	""
dynamic_table_cells	value_text	bf577cb9-6498-498b-b8a7-1481eb2eeb82	پیشنهاد?? خانم صالحی، کریمی، رضایی?? سایت?? علی آقا	""
dynamic_table_cells	value_text	bf604635-eedd-4803-b5c2-c43551f5104c	پیشنهاد?? سایت	""
dynamic_table_cells	value_text	c1573906-97f3-4779-96ef-fd6b053ca4b6	پیشنهاد?? سایت	""
dynamic_table_cells	value_text	c179618d-8ed7-487d-8e8c-acde6488c634	آقا ولی?? پیشنهاد	""
dynamic_table_cells	value_text	c34197d8-9018-41ff-8301-7b5b88e8ab47	پیشنهاد?? خانم صالحی، کریمی، رضایی?? سایت	""
dynamic_table_cells	value_text	c3d5bd90-5d88-417e-94d7-b5f117be4b9f	پیشنهاد?? خانم میترا افرا?? سایت	""
dynamic_table_cells	value_text	c43e92ad-c470-4871-a3e9-f6bafee46854	پیشنهاد?? سایت	""
dynamic_table_cells	value_text	c4b505e6-56a7-43c6-a113-e20d1ab185d1	آقا آرمین?? پیشنهاد	""
dynamic_table_cells	value_text	c5df8c0f-f4c5-4f56-8eab-8e615b4f9cae	پیشنهاد?? خانم آبادی	""
dynamic_table_cells	value_text	c6364962-7f9d-48fa-9840-a42668daf1a5	پیشنهاد?? علی آقا	""
dynamic_table_cells	value_text	c6aa7d31-ca65-4268-ab59-6e62c0577ca5	پیشنهاد?? سایت?? علی آقا	""
dynamic_table_cells	value_text	c7e2014e-7899-4b71-bc62-428308747d52	پیشنهاد?? علی آقا	""
dynamic_table_cells	value_text	ccf93e68-77ed-4fc4-9d12-263eb3b5f3fb	پیشنهاد?? خانم صالحی، کریمی، رضایی	""
dynamic_table_cells	value_text	cd7ea303-95db-45bc-8f34-0802625d95fb	پیشنهاد?? خانم میترا افرا?? سایت	""
dynamic_table_cells	value_text	ce2f8778-c1eb-4997-80c2-924c32365e7d	پیشنهاد?? سایت	""
dynamic_table_cells	value_text	cfc77816-1e5f-44a2-9ca1-bce44c93e4ad	پیشنهاد?? سایت	""
dynamic_table_cells	value_text	d04fe4e8-c4ff-4fad-b368-e16005bf83fc	پیشنهاد?? خانم میترا افرا?? سایت	""
dynamic_table_cells	value_text	d0ab9191-6435-4f7e-bdc1-3aa683df00c1	پیشنهاد?? خانم میترا افرا?? سایت	""
dynamic_table_cells	value_text	d12f46d4-bf61-4265-9204-7f73dc6adbb7	پیشنهاد?? خانم صالحی، کریمی، رضایی	""
dynamic_table_cells	value_text	d1e71d1a-23b3-4998-877f-f1b6f88469f4	پیشنهاد?? تبلیغات?? خانم ترابی?? سایت	""
dynamic_table_cells	value_text	d227021a-a42f-422e-b6bd-6ed868e109c2	پیشنهاد?? خانم آبادی?? سایت	""
dynamic_table_cells	value_text	d34f0fb9-afea-4a65-b7d9-5a2ed839edd6	پیشنهاد?? سایت	""
dynamic_table_cells	value_text	d3601fa5-02dc-4eef-9d48-9a322e81f240	پیشنهاد?? خانم آبادی?? سایت	""
dynamic_table_cells	value_text	d39b7ffb-00ba-4783-8d06-2ec079421500	تبلیغات?? سایت	""
dynamic_table_cells	value_text	d4ea0943-1c8d-437f-ab38-e8b094cbc96e	پیشنهاد?? سایت	""
dynamic_table_cells	value_text	d506f8d8-0b4b-4398-8ed2-f61e31872521	پیشنهاد?? خانم صالحی، کریمی، رضایی	""
dynamic_table_cells	value_text	d5a1f561-80fe-4051-b582-df05d5501e46	پیشنهاد?? خانم صالحی، کریمی، رضایی	""
dynamic_table_cells	value_text	d62613f8-4b74-47db-a7b5-c528bf0b4221	پیشنهاد?? سایت	""
dynamic_table_cells	value_text	d956be35-ac7f-4708-b006-2c5b7cbe220e	پیشنهاد?? خانم صالحی، کریمی، رضایی?? سایت	""
dynamic_table_cells	value_text	dca9c897-2270-4bb0-95bb-3c8a98aa13e9	پیشنهاد?? سایت	""
dynamic_table_cells	value_text	dce17a6c-aa01-47b5-8287-f504591519e6	پیشنهاد?? سایت	""
dynamic_table_cells	value_text	dd6ac4ef-a903-4b2e-a641-904de5e73e57	پیشنهاد?? خانم احمدی?? سایت	""
dynamic_table_cells	value_text	e33139c6-b93a-463b-b98c-68a4f5adc131	پیشنهاد?? خانم صالحی، کریمی، رضایی?? سایت	""
dynamic_table_cells	value_text	e33ef5fb-7908-4d70-8820-7dbc52090930	پیشنهاد?? سایت	""
dynamic_table_cells	value_text	e38630dc-6913-4c3b-9b6a-485ec7b37354	پیشنهاد?? خانم صالحی، کریمی، رضایی	""
dynamic_table_cells	value_text	e39e1f6a-f72a-435a-8dd8-197ea651705c	پیشنهاد?? سایت	""
dynamic_table_cells	value_text	e4e40733-b8b8-49b4-85d9-3bffabf7b6a2	پیشنهاد?? خانم میترا افرا?? سایت	""
dynamic_table_cells	value_text	e4fe1e73-d820-4752-a948-fee3c6ecf509	پیشنهاد?? سایت	""
dynamic_table_cells	value_text	e5a801e9-d335-49bb-af18-77c9317dd999	پیشنهاد?? سایت	""
dynamic_table_cells	value_text	e5bc932e-70dc-413d-af94-47a0b97c921f	پیشنهاد?? علی آقا	""
dynamic_table_cells	value_text	e647ce47-1d54-4476-8db8-8a9c00805ca8	پیشنهاد?? خانم صالحی، کریمی، رضایی?? سایت	""
dynamic_table_cells	value_text	ea2b4592-2808-4364-8bec-315bfb0bb0e9	آقا ولی?? پیشنهاد	""
dynamic_table_cells	value_text	eb6993a8-673d-460b-ae13-b879eeb4c222	آقا ولی?? پیشنهاد	""
dynamic_table_cells	value_text	ec27feea-8ec1-45bf-9f9d-9ac60f540a24	خانم میترا افرا?? سایت	""
dynamic_table_cells	value_text	ec98182b-030e-4e40-a884-25cd159e2b27	پیشنهاد?? خانم میترا افرا?? سایت	""
dynamic_table_cells	value_text	ecee1710-59cb-4819-b1a7-2524d0ac9fde	پیشنهاد?? علی آقا	""
dynamic_table_cells	value_text	ee2ebe19-5d79-49eb-af95-27336dbb6e40	پیشنهاد?? سایت	""
dynamic_table_cells	value_text	ef5c6911-ba40-48c6-97e6-9612a9b630b9	پیشنهاد?? خانم صالحی، کریمی، رضایی	""
dynamic_table_cells	value_text	ef9b1954-9773-41f2-8483-5f92c0637126	پیشنهاد?? خانم صالحی، کریمی، رضایی?? سایت	""
dynamic_table_cells	value_text	f0570f04-6998-4527-a4fb-d8e3326c2543	پیشنهاد?? سایت	""
dynamic_table_cells	value_text	f38e403c-57ba-413f-b106-6ad3c9bccdc4	پیشنهاد?? خانم صالحی، کریمی، رضایی	""
dynamic_table_cells	value_text	f3cd5c44-9551-44bf-b65b-8b861f533270	پیشنهاد?? خانم صالحی، کریمی، رضایی	""
dynamic_table_cells	value_text	f4049086-e39b-4a16-b68c-34ed8a668b1e	پیشنهاد?? علی آقا	""
dynamic_table_cells	value_text	f4365cee-609a-47e6-a891-04da1c4fbafc	پیشنهاد?? سایت	""
dynamic_table_cells	value_text	f43757aa-4edf-497d-abe2-d1aca9170a16	پیشنهاد?? سایت	""
dynamic_table_cells	value_text	f4e244cf-2569-4c39-bf8b-7cc091627faa	پیشنهاد?? خانم میترا افرا	""
dynamic_table_cells	value_text	f58eeb41-b778-446a-9797-2d9f4c4ba54e	پیشنهاد?? علی آقا	""
dynamic_table_cells	value_text	f8e5f472-e023-4389-9165-2ac5383f0099	پیشنهاد?? خانم صالحی، کریمی، رضایی	""
dynamic_table_cells	value_text	fc8fb06d-f7d1-4ea2-9d04-4d30531bbdab	پیشنهاد?? سایت	""
dynamic_table_cells	value_text	fc9a560b-54bb-442b-95ef-3c4542e29e36	پیشنهاد?? خانم صالحی، کریمی، رضایی	""
dynamic_table_cells	value_text	fd991211-46d1-439d-a32f-5074be98d091	آقا ولی?? پیشنهاد?? سایت	""
dynamic_table_cells	value_text	fdfb989a-886f-4df6-a1f5-8a95235ba1d3	پیشنهاد?? سایت	""
dynamic_table_cells	value_text	fe8f5a61-edfb-4256-91cc-15c2b12c7612	پیشنهاد?? خانم صالحی، کریمی، رضایی	""
dynamic_table_cells	value_text	fead001c-6dfa-48e4-aa48-f3dd5773e458	پیشنهاد?? خانم صالحی، کریمی، رضایی?? سایت	""
dynamic_table_cells	value_text	ff9bde40-d24b-40c3-b5fe-b040ade78d02	پیشنهاد?? خانم میترا افرا	""
dynamic_table_cells	value_text	ffac3e53-7146-4733-ab78-0268c92bc057	پیشنهاد?? سایت	""
dynamic_table_columns	label	00a581b7-464f-4eac-9f5b-3f3178992fae	??????	label=??????
dynamic_table_columns	label	04987bf3-4877-4d29-8323-bd6fea7a6d26	?????????? ?????????????? ??????	label=?????????? ?????????????? ??????
dynamic_table_columns	label	0549cdbe-58e4-49d7-924d-a4bf91eb0641	???????? ????????	label=???????? ????????
dynamic_table_columns	label	0772e35a-9428-41dd-bd39-0772558c1f0b	???????? ???????? ????????????????	label=???????? ???????? ????????????????
dynamic_table_columns	label	1f75ab76-2545-41f1-b070-f51aad5fb23c	?????????? ???? PDF ???????? ????????	label=?????????? ???? PDF ???????? ????????
dynamic_table_columns	label	247193a3-381b-408a-8703-de312f9f4352	?????????? ?????? ??????	label=?????????? ?????? ??????
dynamic_table_columns	label	24e692f7-4b6a-46ba-a7b3-6385757cc06d	???????????? ?????????? ???? ?????????????? ??????????	label=???????????? ?????????? ???? ?????????????? ??????????
dynamic_table_columns	label	274dc0b9-72cd-42af-bb9b-30ec3b709e06	???????? ???????????? ????????	label=???????? ???????????? ????????
dynamic_table_columns	label	37a648b1-dea6-42c7-ba35-f16b84f08487	?????????? ?????????? ????????????????	label=?????????? ?????????? ????????????????
dynamic_table_columns	label	4c84d396-a122-4fa3-a2b0-cf1f93f3dc5d	???? ????????	label=???? ????????
dynamic_table_columns	label	519491e2-863a-4283-a14b-c5cd01a6cfc5	????????	label=????????
dynamic_table_columns	label	54abe14a-ba46-4565-b278-e2dbd3aeb1a5	???????????? ???????? ????????	label=???????????? ???????? ????????
dynamic_table_columns	label	54d751b0-1ac8-4e76-8810-51b279cc0fcf	?????????? ?????? ????????????????	label=?????????? ?????? ????????????????
dynamic_table_columns	label	585e631c-8169-405a-98bc-3b0167f24639	??????	label=??????
dynamic_table_columns	label	5a37199a-2823-4eb5-94fd-a7661cbf3f2b	??????????????????? ??????????	label=??????????????????? ??????????
dynamic_table_columns	label	5e763a2c-2729-4184-b283-a0c66a311d2b	?????????? ???????????? ????????	label=?????????? ???????????? ????????
dynamic_table_columns	label	77a8f9b8-51a5-4bfa-8274-99d90611dbdb	???????????? ???? ?????????????? ??????????	label=???????????? ???? ?????????????? ??????????
dynamic_table_columns	label	82321221-028e-4f08-8bde-a69865f7481e	?????????? / ??????????	label=?????????? / ??????????
dynamic_table_columns	label	86cc7935-113e-481b-8fd2-aa68f405f05e	?????????????? ???????? ????????????????	label=?????????????? ???????? ????????????????
dynamic_table_columns	label	94246a3d-9c20-4650-a0d8-0a38ef387312	?????????????? ???????? ??????????	label=?????????????? ???????? ??????????
dynamic_table_columns	label	97ec890d-4730-49d1-bf67-9e2866daf14c	???????????? ???? ???????????? ???????? ??????????	label=???????????? ???? ???????????? ???????? ??????????
dynamic_table_columns	label	a86f3980-5de4-4189-82c8-9699e40a7cae	?????????????? ???????? ??????	label=?????????????? ???????? ??????
dynamic_table_columns	label	a95e5f73-30b6-4e1d-bb8c-bf6c8fe7872f	???????????? ???????? ????????????????	label=???????????? ???????? ????????????????
dynamic_table_columns	label	b2074668-0653-46d8-9b54-6b1896169548	?????? ??????????	label=?????? ??????????
dynamic_table_columns	label	b57c9300-88dc-438b-ac96-46be89ca7791	?????????????? ???????? ??????	label=?????????????? ???????? ??????
dynamic_table_columns	label	c1f8233b-624a-446c-83ba-fdfb8d3de450	?????????? ???????? ???????? ????????????????	label=?????????? ???????? ???????? ????????????????
dynamic_table_columns	label	c3e0426c-1913-4fe5-a372-37c48d256dd8	???????? ???????????????? ???????? ??????????????	label=???????? ???????????????? ???????? ??????????????
dynamic_table_columns	label	c8b60347-2436-4619-87f3-8e7b72808512	???????????? ???????? ????????	label=???????????? ???????? ????????
dynamic_table_columns	label	d4ad320b-1f14-4d79-a2e2-1f60621dd9bf	?????????? ???? ???????????? ???????? ????????	label=?????????? ???? ???????????? ???????? ????????
dynamic_table_columns	label	e2110b5b-5605-4064-8155-f4e61c33d325	?????????????? ????????	label=?????????????? ????????
dynamic_table_columns	label	e51f5f83-a754-4235-83c6-b95c7915c861	???????????????????	label=???????????????????
dynamic_table_columns	label	e6b8acde-a540-43d8-b306-29226a81a52b	?????????????? ???????? ????????????????	label=?????????????? ???????? ????????????????
dynamic_table_columns	label	eabb5105-b4ff-4586-bdbe-81838985e01d	?????????? ????????????	label=?????????? ????????????
dynamic_table_columns	label	edcc3222-2325-4088-9f84-799e5837ca3d	???????????? ???????? ??????	label=???????????? ???????? ??????
dynamic_table_columns	label	ff23750d-ec95-46e9-bae3-6c065e68dd67	?????????? ??????????????????????? ???????? ??????????	label=?????????? ??????????????????????? ???????? ??????????
dynamic_tables	description	da8639ad-d5d3-4166-94df-cdad9dc21d5f	???????? ???????????? ????????????????????? ???????? ???????????? ???????? ?????????? ???????????????? ???? ????????????????? ?????????? ?? ?????? ???? ?????? ????????	slug=afrakala-product-price-observatory | name=?????????????? ???????? ?????????????? ????????????????
dynamic_tables	name	da8639ad-d5d3-4166-94df-cdad9dc21d5f	?????????????? ???????? ?????????????? ????????????????	slug=afrakala-product-price-observatory | name=?????????????? ???????? ?????????????? ????????????????
gamification_kpi_rules	description	0a50dd1e-b9cd-4d6e-8b4b-6d9da92949fc	???????? ???? ???????? ???????????????????	""
gamification_kpi_rules	description	23579499-d670-43b1-9028-ed945d43836d	???????? ???????????????? ???? ???????? ??????????	""
gamification_kpi_rules	description	28b325eb-a653-4305-9558-4f65470b3882	???????? ?????????? ???????????? ????????????????????????????????	""
gamification_kpi_rules	description	3b9bc1a1-6a22-4362-b5e7-2c57752ff5b0	???????? ???? ???????? ?????????? ????????	""
gamification_kpi_rules	description	42a69100-2085-466b-be5b-306c25f5f273	???????? ?????????? ?????????????????	""
gamification_kpi_rules	description	53de876a-7b94-4e11-a266-9fd32d58c3ae	???????? ?????????? ?????????? ???????? ???? CRM	""
gamification_kpi_rules	description	88c5ce60-127a-45c0-a182-5388d7310c7c	???????? ???? ?????????????? ???????????????	""
gamification_kpi_rules	description	e460dbd6-d72f-41db-9de5-d1fba7ad3c3a	???????????? ???????? ?????????? ???? ???? ?????????? ?????????? ???? ?????????? ???????? ??????????????? ??????????????????? ?????????? ??????	""
gamification_kpi_rules	description	f0597d61-1fe6-4918-bd27-67b293a55cec	???????????? ?????????????? ???????? ???????????? ???? ???????????? ?????????? ???????? ?????????? (???????? ????????????)	""
gamification_kpi_rules	title_fa	0a50dd1e-b9cd-4d6e-8b4b-6d9da92949fc	???????? ????????	""
gamification_kpi_rules	title_fa	23579499-d670-43b1-9028-ed945d43836d	???????? ??????????	""
gamification_kpi_rules	title_fa	28b325eb-a653-4305-9558-4f65470b3882	???????????? ???????????????????	""
gamification_kpi_rules	title_fa	3b9bc1a1-6a22-4362-b5e7-2c57752ff5b0	???????? ??????????	""
gamification_kpi_rules	title_fa	42a69100-2085-466b-be5b-306c25f5f273	?????????? ??????	""
gamification_kpi_rules	title_fa	53de876a-7b94-4e11-a266-9fd32d58c3ae	?????? ?????????? ????????	""
gamification_kpi_rules	title_fa	88c5ce60-127a-45c0-a182-5388d7310c7c	?????? ?????????????? ???? CRM	""
gamification_kpi_rules	title_fa	e460dbd6-d72f-41db-9de5-d1fba7ad3c3a	???????? ???? ???????? ??????????????? ????????????	""
gamification_kpi_rules	title_fa	f0597d61-1fe6-4918-bd27-67b293a55cec	??????????????????????? ???? ???????? ??????????	""
gamification_kpis	description	219e7229-f6d1-4430-8a3b-8940a1d834b1	?????????? ?????????????? ??????????????? ???? CRM	key=deals_registered
gamification_kpis	description	28882d4b-ed73-47d9-8289-45041c9de6b4	?????? ?????? ?????????????????? ???????? ???? ?????? ???????? [auto-disabled: no profit/cost data] [auto-disabled: no profit/cost data] [auto-disabled: no profit/cost data]	key=total_profit
gamification_kpis	description	37267612-48bb-49ff-87f9-71cd8b30883e	?????? ???????? ?????????????????? ???????? ???? ?????? ????????	key=total_sales
gamification_kpis	description	4461eba3-93ff-42b9-ab81-e61174bfb66f	???????? ???????? ???????? ???? ?????????? ????????????	key=sales_per_talk_minute
gamification_kpis	description	614b0a6d-1727-495a-834a-05d7d4afae1e	???????? ?????? ???????? ?????? ?????? ???????? ???? ?????? ??????????	key=growth_vs_last_month
gamification_kpis	description	8bde8882-cc93-4414-9a96-b18f451f42de	?????????? ????????????????? ?????????? ???????? ???????? ??????	key=inbound_calls
gamification_kpis	description	94a31e03-0709-4300-8bcc-fad597e5535d	?????? ???? ???????? ???? ?????????? ????????????	key=cumulative_sales
gamification_kpis	description	b2052f72-7a51-4712-990a-fc8997feeee3	?????????? ????????????????? ?????????? ???????????? ??????	key=outbound_calls
gamification_kpis	description	b82833f5-454c-4ff2-a738-dac31383f765	?????????? ?????????? ????????????	key=talk_minutes
gamification_kpis	description	e01a59af-b315-441f-a006-0236bca7003d	?????????? ?????????????? ??????????????????????????	key=new_customers
gamification_kpis	description	ecafb341-4d4f-4372-b41a-2c5c789bb8ec	???????? ?????? ???? ?????????? ???????????? [auto-disabled: no profit/cost data] [auto-disabled: no profit/cost data] [auto-disabled: no profit/cost data]	key=profit_per_talk_minute
gamification_kpis	description	fefd71f7-d7c7-40f2-b504-0fe87f8e7bba	?????????? ?????????? ???????????? ???? ???????? ???????????????????	key=active_work_hours
gamification_kpis	label_fa	219e7229-f6d1-4430-8a3b-8940a1d834b1	?????????????? ??????????????? ???? CRM	key=deals_registered
gamification_kpis	label_fa	28882d4b-ed73-47d9-8289-45041c9de6b4	?????????? ?????? (????????????)	key=total_profit
gamification_kpis	label_fa	37267612-48bb-49ff-87f9-71cd8b30883e	?????????? ???????? (????????????)	key=total_sales
gamification_kpis	label_fa	4461eba3-93ff-42b9-ab81-e61174bfb66f	???????? ???? ???????? ?????????? ????????????	key=sales_per_talk_minute
gamification_kpis	label_fa	614b0a6d-1727-495a-834a-05d7d4afae1e	?????? ???????? ???? ?????? ??????	key=growth_vs_last_month
gamification_kpis	label_fa	8bde8882-cc93-4414-9a96-b18f451f42de	????????????????? ??????????	key=inbound_calls
gamification_kpis	label_fa	94a31e03-0709-4300-8bcc-fad597e5535d	?????????? ???? ????????	key=cumulative_sales
gamification_kpis	label_fa	b2052f72-7a51-4712-990a-fc8997feeee3	????????????????? ??????????	key=outbound_calls
gamification_kpis	label_fa	b82833f5-454c-4ff2-a738-dac31383f765	?????? ????????????	key=talk_minutes
gamification_kpis	label_fa	e01a59af-b315-441f-a006-0236bca7003d	?????????????? ????????	key=new_customers
gamification_kpis	label_fa	ecafb341-4d4f-4372-b41a-2c5c789bb8ec	?????? ???? ???????? ?????????? ????????????	key=profit_per_talk_minute
gamification_kpis	label_fa	fefd71f7-d7c7-40f2-b504-0fe87f8e7bba	?????????? ???????? ????????	key=active_work_hours
invoice_workflow_stages	title	2227d15a-8847-45df-ab36-f1ba4b0ff910	?????????? ??????	title=?????????? ??????
invoice_workflow_stages	title	59d0fd31-9672-476a-b075-e2c61e52e5c9	?????????? ????????????????	title=?????????? ????????????????
invoice_workflow_stages	title	630a73e3-99b5-4bf6-a51f-6b090b4c34cd	?????????? ???? ??????????	title=?????????? ???? ??????????
invoice_workflow_stages	title	b6c96778-b052-4d74-916a-92d78b1ec54f	???? ???????????? ??????????????	title=???? ???????????? ??????????????
journal_entries	description	6d6b1896-d7ce-433e-9908-27bae8b6c003	?????? ?????? ???????????? ?????????? 123456	""
journal_lines	description	14a5ffb5-08d7-4f8b-81b7-f9f267c9fc5e	?????????? ???? ???????? ?????????? ????????	""
journal_lines	description	1d32ea64-f809-4567-a149-56079870decc	???????????? ????????????/???????? ???????? ??????????	""
knowledge_documents_backup_20260722	content	(0,1)	"> ?????????? ???????????????????????: ????????/????/????\n\n# ???????? ????????\n\n## ??. ???????? ???? ??????????\n1. ???????? ???????????? ???? ???? ???????????? ?????? ????????.\n2. ?????????? ?? ?????? ???????? ?????? ???? ???????? ???????? ?? ?????? ???????????? ??????????.\n3. ?????? ???????? ?????? ?????????? ???????? ?????????? ???????? ?????? ???????????? ???????????? ?????????? ???????? ??????????????? ???? ?????????? ???????? ????????????.\n\n## ??. ???????????? ???? ??????????????\n- ???????????????? ?????????? ???????? ???? ???? ???????? ??????.\n- ????????????????? ???? ?????????? ???????? ???????? ???????? ???? ???????? ?????????? ???????? ?????????????.\n\n## ??. ???????? ?????? ???????? (Sidebar)\n?????? ???? ?????? ??????????????? ?????????? ?????? ??????:\n1. ???????? ??? ??????????????\n2. ???????? ?? CRM ??? ???????????????? ??????????????????????????? ?????????????????? ????????????????????\n3. ????????????????????? ??? ???????? ???????? ?????????? ???????????? ?????????? ???????????? ???????? ????????\n4. ???????????? ??? ???????????????? ?????????? ????????????????????????????? ??????????????????? ??????????\n5. ???????? ??? ??????????????? ?????????????? ?????????????????\n6. ???????????????????? ??? ?????????????? ?????????????????????? ????????????????\n7. ???????????? ???????????????????? (?????? ??????????/????????)\n8. ???????????????? ??? ???????? ???????????????? ?????????????? ???????????????\n9. ???????????? ?????????? (?????? ??????????)\n\n## ??. ??????????????? ????????????\n- **admin**: ???????????? ???????? ???? ???????? ????????????? ?? ??????????????.\n- **manager**: ???????????? ???????? ??????????????????? ????????????????????.\n- **sales**: ?????? ?????????????? ?????????? ???????????????? ??????????????????????? ???????????????????? ????????.\n- **accountant**: ??????????????? ?????????? ?????????????? ?????????????????????.\n- **viewer**: ?????? ?????????????? ????????????????? ?? ??????????????? ???????? ?????????? ??????????.\n\n## ??. ?????? ???????? ??????????????? ???????? ???? ?????? ???????????????????\n??????????????????? ???? ???????? ?????? (RBAC) ?????????? ???????????????. ?????? ?????? ?????????? ???????? ???????? ?? ???? ?????????? /unauthorized ???????????? ???????? ?????? ?????? ???????????? ?????????????? ???? ???????? ???? ??????????. ???? ?????? ???????? ???? ?????????? ???????? ????????????.\n"	title=?????????????? ???????????????? ??? 1. ???????? ???????? ???? ?????????? ???????????????? | category=general
knowledge_documents_backup_20260722	content	(0,2)	"> ?????????? ???????????????????????: ????????/????/????\n\n# ?????????????? ??????????\n\n> ?????? ?????? ???????????? ?????? ???????? ?????????????? ???? ?????? admin ???????????? ????????. ?????????????? ?????? ?????? ?????? ???? ???????????? ?????? ?????????????????.\n\n## ??. ???????????? ?????????????? ?? ?????????????\n1. ???? ???????? ?????????????? ?????????? ??? ???????????????? ??????????.\n2. ???????? ?????????????? ???? ?????????????? ???? ???????????????? ???? ?????????????? ?????????? ???? ???? ???????????? ?????????? ????????.\n3. ???? ??????????????? ?? ???????????????? ?????? ???? ?????????? ???? ?????????? ????????.\n\n## ??. ?????????? ????????????????????? ????????\n- ????????: ???????????????? ?????????? (/admin/roles)\n- ???? ?????? ???????? ??????????????????? ?????????????? ???????????? ???? ???????? ????????????? ?????????? ????????.\n\n## ??. ?????????????? Audit Logs\n- ????????: ?????????????? ?????????? ??? Audit Logs??\n- ???????? ?????????????? ???????? ???? ?????? ???????? ?????? ???????????????.\n\n## ??. ???????? ????????????\n- ???????? ?????? admin ???? ???? ???????????? ???????? ???????? ?????????? ??????????.\n- ?????????????? ?? ?????????????? API ???? ???? ??????????????? ???? ???????????? ??????????????.\n- ?????? ???? ?????? ???????????? ??????????????????? ???????? ???? ???? ?????????? ????????.\n\n## ??. ??????????????? ?????????????? ??????????\n1. ?????????????? ???? ???????????? ???? ?????????? ????????.\n2. Audit Log????????? ???? ???????? ?????????? ???? ???????? ????????.\n3. ?????????? ?????????? ???????????????????? (???????????????? ?? KPI) ???? ???? ????????.\n4. ????????????????? ???????????????? ?????????? ???? ???????? ????????.\n\n## ??. ??????????????? ?????? ???? ?????????? ?????????????? ??????\n1. ???? ?????????? ???????? ?????? ???? ?????????? ?????????????? ???????? ????????.\n2. ?????????? ?????????? ???? ?????? ??????????????? ???????? ????????????.\n3. ???? ???????? ???????????? ???? ?????????? ????????????? ?????????? ????????.\n4. ???? ???? ???????????? ??????????????? ?????????? ???? ???? ????????.\n"	title=?????????????? ???????????????? ??? 2. ?????????????? ?????????? | category=general
knowledge_documents_backup_20260722	content	(0,3)	"> ?????????? ???????????????????????: ????????/????/????\n\n# ?????????????? ???????? ????????\n\n## ??. ?????????? ???????????? ?????????????????????\n1. ???? ????????????????????? ??????????.\n2. ????????????????? ???????? ???? ?????????? (?????????? ?????????? ?????????? ?????????? ???????? ?????????????????) ???? ???????? ????????.\n\n## ??. ?????????????? ?????????????????\n- ??????????????????? ?????????? ???? ?????????? ????????????????????? ???? ??????????????? ??????????????? ?????????? ????????.\n\n## ??. ?????????? ??????????????????????? ???????????????\n- ???? ???????????? ?????????????????????? (/gamification/admin/analytics) ?????? ????????????????????????? ????????????????? ???? ????????????.\n- ???? ?????? ?????????? ?????????????? ??????????????????? ???????????? ????????.\n\n## ??. ?????????????? ?????????? ????????????????????\n- KPI Cards: ???????? ?????? ???????????? ??????.\n- ?????????? ???????? ???????????? ???????????? ?? event_type ???????? ?????????? ???????????????.\n\n## ??. ????????????????\n- ????????: ?????????????????????? ??? ??????????????????\n- ?????????? ????????????????????? ???? ???????? XP ?????? ???????? ?????????? ???????? ?????????????.\n\n## ??. ????????????????????? ???????? ?????????? ???????????? ??????????????????\n1. ?????????? ????????????????? ?? ???? ?? ?????????? ?????????? ???? ?????????? ????????.\n2. ?????? ???? ?????????? ?????? (?????? ????????????) ???????????? ???????? ??????????????????? xp_amount ???? ???? ???????????? ????????.\n3. ?????????????? ?????? ????????????????? ?????????? ?????? ??????????????????? ???? ??????????.\n"	title=?????????????? ???????????????? ??? 3. ?????????????? ???????? ???????? | category=general
knowledge_documents_backup_20260722	content	(0,4)	"> ?????????? ???????????????????????: ????????/????/????\n\n# ?????????????? ??????????????\n\n## ??. ?????????????? ????????\n- ???? ???? ?????????? XP ?????????? Level ?? League?? ???? ???? ???? ?????????? ?????????? ???????? ?????????????.\n\n## ??. ???????????? ????????\n- **XP**: ???????????? ??????????. ???? ???????????? ?????????? ???????????? XP ???? ?????? ?????????????.\n- **Level**: ?????? ?????? ?????? ???? ???? ???????? ?????????? XP ???????? ?????????????.\n- **League**: ?????? ???????? (Bronze, Silver, Gold, Platinum, Diamond, Master, Legend).\n- **Achievement (????????)**: ?????????? ???? ???? ?????????? ???? ???? ?????? ???????? ???????? ?????????????.\n- **Mission (??????????????)**: ????????????????? ???? ???????? ?????????? (?????????????? ???????????? ????????????).\n- **Leaderboard**: ???????? ??????????????????? ?????? ???? ?????? ????????.\n\n## ??. ?????????????? ???????? ???????????? ?????????????????\n- ?????? ???????? ?????????? (outbound_call)\n- ?????? ???????? ?????????? (inbound_call)\n- ???????????? ?????????? ???????? (new_customer_created)\n- ???????? ???????? (sale_closed)\n- ?????????? ?????????? (task_completed)\n- ?????????? ???????????? (followup_completed)\n\n## ??. ???? ?????????????? ???????? ?????? ??????????????? ???????????? ?????????????????\n1. ?????????? ??????????????????????? ???????????? ?? ??????????.\n2. ?????????? ?????? ??????????????????????? ???? xp_amount ???????? (???? ?????????????? ???????????????????? ???????? ???????????? ???????? ??????????).\n3. ???????? ???????? ????????????????? ????????.\n"	title=?????????????? ???????????????? ??? 4. ?????????????? ?????????????? | category=general
knowledge_documents_backup_20260722	content	(0,5)	"> ?????????? ???????????????????????: ????????/????/????\n\n# ?????????????? ?????????????????????\n\n## ??. ???????? ???????? ????????\n- ????????: ??????????????????????? ??? ???????? ???????? ??????????\n- ?????????? ????????????????? ???????? ?????????????? ???? ?????????? ?????????????.\n\n## ??. ???????????? ???????? ???????? ????????\n- ????????: ??????????????????????? ??? ???????????? ???????? ??????????\n- ???????? ???????? ?? ???????? ?????????? ?????? ?????????????? ???????? ???????? ????????.\n\n## ??. ???????????? ???????? ???????? ??????????????\n- ???? ?????????? ???? ???????????? ???????? ???????????? ???????? ???????? ???????? ???????????? ??????.\n\n## ??. ?????? ?????????? ?? ????????????\n- ?????? ???????? ?? ?????????? ?????? ?????? ???? ?????????????? ?? ???????????? ???????? ?????????? ???????????????.\n- ?????? ?????????? ?????????????? ?????????? ?????????????? ???????? ?????????? ??????.\n\n## ??. ?????????? ???????????? ??????????\n- **???????? ????????**: ???????? ?????????? ???? ??????????.\n- **?????? ??????????**: ?????? ?????????? ???????????? (?????????????? ??????????).\n- **???????? ?????????????????**: ???????????? ???????? ???????? ?????????? ???????? ????.\n- **Margin (?????????? ??????)**: ?????????? ?????? ???????? ???????? ?? ???????? ?????????????????.\n\n## ??. ??????????????????? ???? ???????? ??????\n- **admin / manager / accountant**: ?????????????? ???????? ????????????????? ?????? ?????????? ?? margin.\n- **sales**: ?????????????? ?????? ???????? ???????? ??????????.\n- **viewer**: ?????????????? ??????????.\n\n## ??. ?????? ?????????? ????????????\n- ?????? ???????????? ?????????? ????????????????????? ?? margin ?????????????? ?????????????? ??????????.\n- ???????????? ?????????? ???????????? ???????? ???? ???? ?????? ???????? ???? ???????????? ???? ???????????? ??????????????.\n"	title=?????????????? ???????????????? ??? 5. ?????????????? ????????????????????? | category=general
knowledge_documents_backup_20260722	content	(1,1)	"> ?????????? ???????????????????????: ????????/????/????\n\n# ???????????????????? ???????? ??????????????\n\n## ??. ?????? ????????????????????\n?????????? ???????????? ???????? ????????????????????? ???????? ???????????? (?????????? ?????????????? ????????) ?? ?????????? ???????? ???????? ??????????????.\n\n## ??. ????????????\n- **XP**: ???????????? ??????????.\n- **Level**: ?????? ???????? ???? ?????????? ?????????? XP.\n- **League**: ?????? ?????????? ???? ?????? ???? Bronze ???????? ?????????????.\n- **Achievement**: ?????????? ???? ???????? ?????? ???????? ???????? ?????????????.\n- **Mission**: ?????????????? ???? ???????? (?????????????? ???????????? ????????????).\n- **Leaderboard**: ??????????????????? ?????? ????????.\n\n## ??. ?????? ???????? ??????????????????? ???????????? ????????????\n?????? ???????? ???????????? ??????????? ???? ????????????????? ???????????????? ?????? ?????????? ???????? ??????.\n\n## ??. ?????? ???????? ???????????? ???? ???????? ???????? ???????? ?????????????????\n- ???????????? ???????? ???????????????? ?????? ?????????? ?????? ?????????????.\n- ???????? ??????????????? ?????? ???? ?????????? ??????/?????? ?????????????? ???????????????.\n- ?????? ?????? ???? ?????? ?????????? ???????? ?? ???????? ?????????????????? ???? ?????????? ???????? ????????????.\n"	title=?????????????? ???????????????? ??? 6. ?????????????? ???????????????????? ???????? ?????????????? | category=general
knowledge_documents_backup_20260722	content	(1,2)	"> ?????????? ???????????????????????: ????????/????/????\n\n# ???????????????????? ??? ?????????? ?? ????????\n\n> ?????? ?????????????? ?????? ?????? ?????? ???????????? ?? ???????? ???????????? ???????? ?????? ?????? ????????. ???? ?????? ?? ???? ???? ?????????? ?????????? ????????.\n\n## ??. ?????????????? ???????????? ????????????????????\n- ???????????? ??????????????????: `/gamification/admin/kpi-rules`\n- ???????????? ???????????????: `/gamification/admin/achievements`\n- ???????????? ?????????????????????: `/gamification/admin/missions`\n- ???????????? ?????????????: `/gamification/admin/leagues`\n- ???????????? ?????????????????: `/gamification/admin/rewards`\n- ?????????? ????????????????????: `/gamification/admin/analytics`\n\n## ??. ???????? ?????? ?????? ???? ?????????? ????????????\n1. ?????????? ?? ???? ?? ??????????????? ???? ????????????????? ???????? ?????????? ????????.\n2. ???? ?????? ?????? ???? ?????????????? ???? ?????????? ???????? ???? ?????? ???? ???????? ???????? ????????.\n3. ?????????? ???? ???? ?????? ?????????? ????????.\n\n## ??. ???? ???????????????? ?????? ????????????????? ?????????? ?????? ????????????\n- ?????????? xp_amount ???? ?????????? ??? ?????? ?????????????????? ???????? ???? ?????????? ???????? ???????????? ???????????????.\n- ?????????????? ???????? ???? ?????????? ??? ???? ???????? ??????????????????????????? ???????? ?????????????? ?????? ???????????????.\n- ?????????? ?????? Achievement ??? ?????? ????????????????? ?????????? ?????????? ???????????????.\n\n## ??. ??????????????????????? ????????\n- **?????????? ???????????? ????????????????? ???????? ????????????????????? ???????? ??????.**\n- **?????????? ???????????? ??????????/???????? ?????? ???????? ????????????????????? ???????? ??????.** ?????? preview ?????????? ??????.\n"	title=?????????????? ???????????????? ??? 7. ?????????????? ???????????????????? ???????? ?????????? ?? ???????? | category=general
knowledge_documents_backup_20260722	content	(1,3)	"> ?????????? ???????????????????????: ????????/????/????\n\n# ???????????? ?????????????????? (KPI Rules)\n\n????????: `/gamification/admin/kpi-rules`\n\n## ??. ????????????\n- **event_key**: ???????????? ?????????? ?????????????? ?????? `outbound_call`.\n- **xp_amount**: ?????????? XP ???? ???????? ???? ?????? ???????? ???? ???????????? ???? ?????????? ???????? ?????????????.\n- **is_active**: ?????????? ???????? ?????? ???? ??????.\n\n## ??. ????????/?????????????? ???????? ??????????\n1. ???????? ?????????? ???????????? ????????.\n2. ?????? ?????????? ???????? ?????????? ???????? ?????? ??????????.\n3. ?????????? ???????????????? ?????? ?????????????????? ???????? ?????????? ?????????????.\n\n## ??. ????????????????? ????????????\n| event_key | ?????????? | ?????????????? xp |\n|-----------|-------|-----------|\n| outbound_call | ???????? ?????????? ?????????????? | 5 |\n| inbound_call | ???????? ?????????? ???????????????????????????? | 3 |\n| new_customer_created | ???????????? ?????????? ???????? | 20 |\n| sale_closed | ???????? ???????? | 50 |\n| task_completed | ?????????? ?????????? | 10 |\n| followup_completed | ?????????? ???????????? | 8 |\n\n> ?????????? ???????? ?????? ????????????????????? ?????????? ?????????? ???? ???? ???????? ???????????????? ?????? ?????????? ????????.\n"	title=?????????????? ???????????????? ??? 8. ?????????????? ???????????? ?????????????????? | category=general
knowledge_documents_backup_20260722	content	(1,4)	"> ?????????? ???????????????????????: ????????/????/????\n\n# ??????????????? (Achievements) ?? ????????????????????? (Missions)\n\n## ??. ???????? Achievement\n1. ????????: `/gamification/admin/achievements`\n2. ?????? ???????????????? ??????????.\n3. ???????????? ???????????? ?????? (?????????? ?????? ???????? ???????????????????) ?? XP ?????????? ???? ???????? ????????.\n\n## ??. ?????? Achievement\n- ?????????????? ??????????????? ???????????? ?????? ???? event_key ?????????? ?????????????.\n- ????????: `sale_closed >= 10`\n\n## ??. XP ??????????\n- ?????????? XP?? ???? ?????????? ???????? ?????? ???????? ???? ?????????? ?????????? ?????????????.\n\n## ??. ???????? Mission\n1. ????????: `/gamification/admin/missions`\n2. ???????????? ?????? (????????????/??????????/????????????/????????????)?? ?????? ?? XP ?????????? ???? ???????? ????????.\n\n## ??. ?????????? Mission ?? Achievement\n- **Mission** ???????? ?????????? ???????? ?? ???? ?????????? ???????? ??????????????? ???? ?????????? ?????????????.\n- **Achievement** ????????????? ???????? ????????????? ?? ?????????? ??????.\n\n## ??. ?????????? ??????????????\n- ????????????: ?????? ???? ???????? ?????????? ????????????.\n- ??????????: ?????? ???? ?????????? ???????? ?????? ??????????.\n- ????????????: ?????? ?????? ???????? ????????????????? ?????? ????????.\n- ????????????: ?????????? ?????????? ????????????.\n\n## ??. ????????????????? ????????\n- ???????? ?????????? ????????????: ?? ???????? ????????????????? ???? ?????? ??????.\n- ?????????????? ???????????? ???????? ?????????????????: ?? ???????? ?????????? ???? ??????.\n"	title=?????????????? ???????????????? ??? 9. ?????????????? ??????????????? ?? ????????????????????? | category=general
knowledge_documents_backup_20260722	content	(1,5)	"> ?????????? ???????????????????????: ????????/????/????\n\n# ??????????????? ????????????? ?? ?????????????????\n\n## ??. ?????????????\n- ??????????: Bronze ??? Silver ??? Gold ??? Platinum ??? Diamond ??? Master ??? Legend.\n- ???? ?????????? ???? ???????????? ?????? ???? ???????? ???????????? ?????????? ???? ?????? ???? ????????????? ???????? ???????????????.\n\n## ??. Season (??????)\n- ???? ?????? ?????????? ?????????? ???????? ???????? (?????????? ???????????? ???? ???????????????).\n- ???? ?????????? ???????? ??????????????????? ???????????? ?? ????????????????????? ?????? ?????? ?????????? ?????????????.\n\n## ??. ???????? ?????????? ?? ????????\n- ?????????? ???? ?????????? ???????? ???? ?????? ???? ?????? ???????????? ?????????? ?????????????????.\n- ?????????? ???? ?????????? ???? ?????? ????????????????? ???????? ???????????????.\n- ???????????? ???????? ???? ?????????? ???????????? ????????????? ???????? ?????????? ??????.\n\n## ??. Preview ??????????/????????\n- ???? `/gamification/admin/leagues` ??????????????????? ??????????????????? ??????????/???????? ?????? ???????? ???? ????????????.\n\n## ??. ?????? ??????????????\n**?????????? ???????????? ??????????/???????? ?????? ???????? ????????????????????? ???????? ??????.** ?????????? ?????? preview ???? ?????????? ?????? ?? ?????????? ?????????? ???????? ???????? ?????????? ??????.\n\n## ??. Reward (??????????)\n- ????????: `/gamification/admin/rewards`\n- ????????????????? ???? ??????????????????????? ???????? ?????? ?????????? ???????? ???????????????.\n\n## ??. ?????????? ??????????\n- ?????????? ???????? ?????????? ?????????? ?????????????? ????????????????? ???????? ??????????????????? ???????? ??????????.\n\n## ??. ?????? ??????????????\n**?????????? ???????????? ????????????????? ???????? ????????????????????? ???????? ??????.** ?????? ?? ?????????? ????????????????? ?????????? ???????? ??????.\n"	title=?????????????? ???????????????? ??? 10. ?????????????? ??????????????? ????????????? ?? ????????????????? | category=general
knowledge_documents_backup_20260722	content	(2,1)	"> ?????????? ???????????????????????: ????????/????/????\n\n# ?????????? ????????????????????\n\n????????: `/gamification/admin/analytics`\n\n## ??. KPI Cards\n???????? ?????? ????????????????? ??????: ?????????? XP ???????????????? ?????????? ?????????????????? ?????????????? ???????? ?? ???\n\n## ??. ??????????????\n- **???????? ??????????**: ???????????? ?????? ?????????? ?????? ???????? ?????? ?????????? ???? ?????????? ????????????.\n- **????????????**: ?????????? ???????? ???? ?????????? ??????.\n- **event_type**: ?????????? ?????? ???? ?????? ????????????.\n\n## ??. ?????????? KPI????\n- ???????? ?????? XP ???? ????????????????? ??????????.\n- ?????????????? ?????????????.\n\n## ??. ?????????? ?????????????????????\n- ?????? ?????????? ??????????????????????? ????????????/??????????/????????????.\n\n## ??. ?????????? ???????????????\n- ???????????????? ????????????????? ???????? ?????? ???? ?????? ??????????????.\n\n## ??. ?????????? ?????????????\n- ?????? ?????????? ???? ???? ?????? ??????????.\n\n## ??. ??????????????????????? ???????????????\n- ?????????? ???????????????? ???? ???? ?????????? ???????????????? ???????????? ???????? ?????????? ?????????????????????.\n\n## ??. ?????? ????????\n???????? ?????? **?????????? XP ???????????? ???????? ????????????? ??????????????? ?????????????? ?????????? ???????? ????????**?? ????????????????? ?????????????? ???? ???????? ?????? ???????? ???? ?????????? ??????????????????????????????.\n"	title=?????????????? ???????????????? ??? 11. ?????????????? ?????????? ???????????????????? | category=general
knowledge_documents_backup_20260722	content	(2,2)	"> ?????????? ???????????????????????: ????????/????/????\n\n# ???????????? ?????????????? (FAQ)\n\n## ??. ?????? ???? ???????? ???????? ???? ?????? ?????????????????\n?????? ?????? ???????????? ?????????????? ???? ???????? ???? ??????????. ???? ?????????? ???????? ?????????? ?????? ?????? ???????? ????????????.\n\n## ??. ?????? ???? /unauthorized ???????????????\n?????? ???????? RBAC ???????????? ???????? ???? ???? ???????? ???? ???? ?????? ?????? ?????????? ??????.\n\n## ??. ?????? ?????????????? ?????????? ??????????\n- ???????? ?????? ?????????? ???????????? ?????????????? ????????.\n- ???????? ?????? ???????????? ?????? ???????? ????????.\n- ?????? ?????????? ?????? ?? ?????? ???????? ???? ???????? ????????.\n\n## ??. ?????? ???????? ???????? ????????\n- ???????? ?????? ???????? ?????? ???????? ???????? ???????? ????????.\n- ???????? ??????????????? ???? ????????????????? ???????? ?????????????? ???????????????.\n\n## ??. ?????? ?????????????? ???????? ???????? ?????????? ???????? ???????????????\n- ?????? ?????????????? ???????? ????????.\n- ???? ???????????? ?????????? ???? ?????????? ?????????????? ?????? ???????? ??????.\n\n## ??. ?????? ?????? ???? ?????????? ??????????\n**?????????? ???????????? ??????????/???????? ?????? ???????? ????????????????????? ???????? ??????.** ?????????? ?????? ?????????? ???????? ?????????? ?????????????.\n\n## ??. ?????? ?????????? ???????????? ?????????? ??????????\n**?????????? ???????????? ????????????????? ???????? ????????????????????? ???????? ??????.**\n\n## ??. ?????? ?????? ???????? ???? ?????????????? ????????????????????? ???? ???????????????????\n?????? ?????????????? ???? ???????? ?????? ?????????? ???????????????. ?????? viewer ???? sales ???????? ?????? ???????????? ???????? ???? ?????? ?????????? ???????????? ????????.\n"	title=?????????????? ???????????????? ??? 12. ???????????? ?????????????? | category=general
knowledge_documents_backup_20260722	content	(2,3)	"> ?????????? ???????????????????????: ????????/????/????\n\n# ???????????????????????? ??????????????\n\n## ??. ??????????????? ?????????? (????????????)\n- [ ] ?????????? ?????????????? ???? ????????????\n- [ ] ???????? Audit Logs ???? ???????? ??????????\n- [ ] ?????????? ?????????? ???????????????????? (KPI ?? ????????????????)\n- [ ] ???????? ???? ??????????????????????? ????????????\n\n## ??. ??????????????? ???????? ???????? (??????????)\n- [ ] ???????? ???????????????? ?? ??????????????????????? ????????\n- [ ] ?????????? ??????????????????????? ???????????????\n- [ ] ?????????? ?????????????? ???? ??????\n- [ ] ?????????? ?????? ?????????? ?????????????????????\n\n## ??. ??????????????? ???????? ??????\n- [ ] ?????????? ?????????? Season ????????\n- [ ] preview ??????????/???????? ?????? ??????\n- [ ] ?????????? ???????? ??????????/???????? (???? ???????? ???????? ?????? ????????????)\n- [ ] ??????????????????????? ???? ??????\n- [ ] ?????????????? ?????????????????\n\n## ??. ??????????????? ?????? ???? ?????????? ???????????? ??????????????????\n- [ ] ?????????? ?????????? ??????? ???????????????\n- [ ] ?????????? ?????? ???? ?????????????? ???? ???? ??????\n- [ ] ?????????????? ?????????? ?? ??????????\n- [ ] ??????????????????????? ???? ??????\n\n## ??. ??????????????? ?????????? ?????????? ???????????????????\n- [ ] ?????????? ?????????????? admin/manager ???? ???????? ????????\n- [ ] ???????????? ?????????????? ?????????????? ???? ?????? ????????\n- [ ] ??????????????? ???????? ?????????? ???? ?????????? ????????\n- [ ] ?????????? ?????????? ?????? ???? ?????????????? ????????\n"	title=?????????????? ???????????????? ??? 13. ?????????????????????? | category=general
knowledge_documents_backup_20260722	content	(2,4)	"> ?????????? ???????????????????????: ????????/????/????\n\n# ???????????????????\n\n- **XP (Experience Points)**: ???????????? ?????????? ???? ???? ?????????? ????????????????????? ?????????? ?????? ?????????????.\n- **Level**: ?????? ?????? ?????????? ???? ?????????? ?????????? XP.\n- **League**: ?????? ???????? (Bronze ???? Legend).\n- **Season**: ?????????? ?????????? ???? ?????? ????????????????????.\n- **KPI Rule**: ?????????? ?????????????????? ???? ??????????????? ???? event_key ???????? XP ?????????????.\n- **Event Key**: ???????????? ?????????? ???? ???????????? ???????? ???????????????????? ?????? `outbound_call`.\n- **Achievement**: ?????????? ???? ???????? ???? ?????? ???????? ?? ?????????? ??????.\n- **Mission**: ?????????????? ???? ???????? ?????????? (????????????/??????????/????????????/????????????).\n- **Reward**: ?????????? ???????? ?????????? ???? ?????????????? ???????? ??????.\n- **Leaderboard**: ???????? ??????????????????? ????????.\n- **Audit Log**: ?????????? ?????????????? ???????? ?????????????? ???? ??????????.\n- **RBAC (Role-Based Access Control)**: ?????????? ???????????? ???? ???????? ?????? ??????????.\n- **RLS (Row-Level Security)**: ?????????? ???????? ???????? ???? ?????????? ?????? ??????????????????? ???? ??????????????? ???? ???????????? ??????????? ???? ????????.\n\n## ??????????????????????? ???????? ??????????\n- ?????????? ???????????? ????????????????? ??? ???????? ????????????????????? ???????? ??????.\n- ?????????? ???????????? ??????????/???????? ?????? ??? ???????? ????????????????????? ???????? ??????.\n- ?????? ?????????? ???????? ??? ???????? ????????????????????? ???????? ??????.\n- ?????????????????? ????????????/?????????????? ??? ???????? ????????????????????? ???????? ??????.\n- ??????????????????????? ?? ????????????????????? (notification/export) ??? ???????? ????????????????????? ???????? ??????.\n"	title=?????????????? ???????????????? ??? 14. ????????????????????? ?????????? | category=general
knowledge_documents_backup_20260722	content	(2,5)	> ?????????? ???????????????????????: ????????/????/????\n\n# ???????? ????????\n\n## ??. ???????? ???? ??????????\n1. ???????? ???????????? ???? ???? ???????????? ?????? ????????.\n2. ?????????? ?? ?????? ???????? ?????? ???? ???????? ???????? ?? ?????? ???????????? ??????????.\n3. ?????? ???????? ?????? ?????????? ???????? ?????????? ???????? ?????? ???????????? ???????????? ?????????? ???????? ??????????????? ???? ?????????? ???????? ????????????.\n\n## ??. ???????????? ???? ??????????????\n- ???????????????? ?????????? ???????? ???? ???? ???????? ??????.\n- ????????????????? ???? ?????????? ???????? ???????? ???????? ???? ???????? ?????????? ???????? ?????????????.\n\n## ??. ???????? ?????? ???????? (Sidebar)\n?????? ???? ?????? ??????????????? ?????????? ?????? ??????:\n1. ???????? ??? ??????????????\n2. ???????? ?? CRM ??? ???????????????? ??????????????????????????? ?????????????????? ????????????????????\n3. ????????????????????? ??? ???????? ???????? ?????????? ???????????? ?????????? ???????????? ???????? ????????\n4. ???????????? ??? ???????????????? ?????????? ????????????????????????????? ??????????????????? ??????????\n5. ???????? ??? ??????????????? ?????????????? ?????????????????\n6. ???????????????????? ??? ?????????????? ?????????????????????? ????????????????\n7. ???????????? ???????????????????? (?????? ??????????/????????)\n8. ???????????????? ??? ???????? ???????????????? ?????????????? ???????????????\n9. ???????????? ?????????? (?????? ??????????)\n\n## ??. ??????????????? ????????????\n- **admin**: ???????????? ???????? ???? ???????? ????????????? ?? ??????????????.\n- **manager**: ???????????? ???????? ??????????????????? ????????????????????.\n- **sales**: ?????? ?????????????? ?????????? ???????????????? ??????????????????????? ???????????????????? ????????.\n- **accountant**: ??????????????? ?????????? ?????????????? ?????????????????????.\n- **viewer**: ?????? ?????????????? ????????????????? ?? ??????????????? ???????? ?????????? ??????????.\n\n## ??. ?????? ???????? ??????????????? ???????? ???? ?????? ???????????????????\n??????????????????? ???? ???????? ?????? (RBAC) ?????????? ???????????????. ?????? ?????? ?????????? ???????? ???????? ?? ???? ?????????? /unauthorized ???????????? ???????? ?????? ?????? ???????????? ?????????????? ???? ???????? ???? ??????????. ???? ?????? ???????? ???? ?????????? ???????? ????????????.\n	title=?????????????? ???????????????? ??? 1. ???????? ???????? ???? ?????????? ???????????????? | category=general
knowledge_documents_backup_20260722	content	(2,6)	> ?????????? ???????????????????????: ????????/????/????\n\n# ?????????????? ??????????\n\n> ?????? ?????? ???????????? ?????? ???????? ?????????????? ???? ?????? admin ???????????? ????????. ?????????????? ?????? ?????? ?????? ???? ???????????? ?????? ?????????????????.\n\n## ??. ???????????? ?????????????? ?? ?????????????\n1. ???? ???????? ?????????????? ?????????? ??? ???????????????? ??????????.\n2. ???????? ?????????????? ???? ?????????????? ???? ???????????????? ???? ?????????????? ?????????? ???? ???? ???????????? ?????????? ????????.\n3. ???? ??????????????? ?? ???????????????? ?????? ???? ?????????? ???? ?????????? ????????.\n\n## ??. ?????????? ????????????????????? ????????\n- ????????: ???????????????? ?????????? (/admin/roles)\n- ???? ?????? ???????? ??????????????????? ?????????????? ???????????? ???? ???????? ????????????? ?????????? ????????.\n\n## ??. ?????????????? Audit Logs\n- ????????: ?????????????? ?????????? ??? Audit Logs??\n- ???????? ?????????????? ???????? ???? ?????? ???????? ?????? ???????????????.\n\n## ??. ???????? ????????????\n- ???????? ?????? admin ???? ???? ???????????? ???????? ???????? ?????????? ??????????.\n- ?????????????? ?? ?????????????? API ???? ???? ??????????????? ???? ???????????? ??????????????.\n- ?????? ???? ?????? ???????????? ??????????????????? ???????? ???? ???? ?????????? ????????.\n\n## ??. ??????????????? ?????????????? ??????????\n1. ?????????????? ???? ???????????? ???? ?????????? ????????.\n2. Audit Log????????? ???? ???????? ?????????? ???? ???????? ????????.\n3. ?????????? ?????????? ???????????????????? (???????????????? ?? KPI) ???? ???? ????????.\n4. ????????????????? ???????????????? ?????????? ???? ???????? ????????.\n\n## ??. ??????????????? ?????? ???? ?????????? ?????????????? ??????\n1. ???? ?????????? ???????? ?????? ???? ?????????? ?????????????? ???????? ????????.\n2. ?????????? ?????????? ???? ?????? ??????????????? ???????? ????????????.\n3. ???? ???????? ???????????? ???? ?????????? ????????????? ?????????? ????????.\n4. ???? ???? ???????????? ??????????????? ?????????? ???? ???? ????????.\n	title=?????????????? ???????????????? ??? 2. ?????????????? ?????????? | category=general
knowledge_documents_backup_20260722	content	(3,1)	> ?????????? ???????????????????????: ????????/????/????\n\n# ?????????????? ???????? ????????\n\n## ??. ?????????? ???????????? ?????????????????????\n1. ???? ????????????????????? ??????????.\n2. ????????????????? ???????? ???? ?????????? (?????????? ?????????? ?????????? ?????????? ???????? ?????????????????) ???? ???????? ????????.\n\n## ??. ?????????????? ?????????????????\n- ??????????????????? ?????????? ???? ?????????? ????????????????????? ???? ??????????????? ??????????????? ?????????? ????????.\n\n## ??. ?????????? ??????????????????????? ???????????????\n- ???? ???????????? ?????????????????????? (/gamification/admin/analytics) ?????? ????????????????????????? ????????????????? ???? ????????????.\n- ???? ?????? ?????????? ?????????????? ??????????????????? ???????????? ????????.\n\n## ??. ?????????????? ?????????? ????????????????????\n- KPI Cards: ???????? ?????? ???????????? ??????.\n- ?????????? ???????? ???????????? ???????????? ?? event_type ???????? ?????????? ???????????????.\n\n## ??. ????????????????\n- ????????: ?????????????????????? ??? ??????????????????\n- ?????????? ????????????????????? ???? ???????? XP ?????? ???????? ?????????? ???????? ?????????????.\n\n## ??. ????????????????????? ???????? ?????????? ???????????? ??????????????????\n1. ?????????? ????????????????? ?? ???? ?? ?????????? ?????????? ???? ?????????? ????????.\n2. ?????? ???? ?????????? ?????? (?????? ????????????) ???????????? ???????? ??????????????????? xp_amount ???? ???? ???????????? ????????.\n3. ?????????????? ?????? ????????????????? ?????????? ?????? ??????????????????? ???? ??????????.\n	title=?????????????? ???????????????? ??? 3. ?????????????? ???????? ???????? | category=general
knowledge_documents_backup_20260722	content	(3,2)	> ?????????? ???????????????????????: ????????/????/????\n\n# ?????????????? ??????????????\n\n## ??. ?????????????? ????????\n- ???? ???? ?????????? XP ?????????? Level ?? League?? ???? ???? ???? ?????????? ?????????? ???????? ?????????????.\n\n## ??. ???????????? ????????\n- **XP**: ???????????? ??????????. ???? ???????????? ?????????? ???????????? XP ???? ?????? ?????????????.\n- **Level**: ?????? ?????? ?????? ???? ???? ???????? ?????????? XP ???????? ?????????????.\n- **League**: ?????? ???????? (Bronze, Silver, Gold, Platinum, Diamond, Master, Legend).\n- **Achievement (????????)**: ?????????? ???? ???? ?????????? ???? ???? ?????? ???????? ???????? ?????????????.\n- **Mission (??????????????)**: ????????????????? ???? ???????? ?????????? (?????????????? ???????????? ????????????).\n- **Leaderboard**: ???????? ??????????????????? ?????? ???? ?????? ????????.\n\n## ??. ?????????????? ???????? ???????????? ?????????????????\n- ?????? ???????? ?????????? (outbound_call)\n- ?????? ???????? ?????????? (inbound_call)\n- ???????????? ?????????? ???????? (new_customer_created)\n- ???????? ???????? (sale_closed)\n- ?????????? ?????????? (task_completed)\n- ?????????? ???????????? (followup_completed)\n\n## ??. ???? ?????????????? ???????? ?????? ??????????????? ???????????? ?????????????????\n1. ?????????? ??????????????????????? ???????????? ?? ??????????.\n2. ?????????? ?????? ??????????????????????? ???? xp_amount ???????? (???? ?????????????? ???????????????????? ???????? ???????????? ???????? ??????????).\n3. ???????? ???????? ????????????????? ????????.\n	title=?????????????? ???????????????? ??? 4. ?????????????? ?????????????? | category=general
knowledge_documents_backup_20260722	content	(3,3)	> ?????????? ???????????????????????: ????????/????/????\n\n# ?????????????? ?????????????????????\n\n## ??. ???????? ???????? ????????\n- ????????: ??????????????????????? ??? ???????? ???????? ??????????\n- ?????????? ????????????????? ???????? ?????????????? ???? ?????????? ?????????????.\n\n## ??. ???????????? ???????? ???????? ????????\n- ????????: ??????????????????????? ??? ???????????? ???????? ??????????\n- ???????? ???????? ?? ???????? ?????????? ?????? ?????????????? ???????? ???????? ????????.\n\n## ??. ???????????? ???????? ???????? ??????????????\n- ???? ?????????? ???? ???????????? ???????? ???????????? ???????? ???????? ???????? ???????????? ??????.\n\n## ??. ?????? ?????????? ?? ????????????\n- ?????? ???????? ?? ?????????? ?????? ?????? ???? ?????????????? ?? ???????????? ???????? ?????????? ???????????????.\n- ?????? ?????????? ?????????????? ?????????? ?????????????? ???????? ?????????? ??????.\n\n## ??. ?????????? ???????????? ??????????\n- **???????? ????????**: ???????? ?????????? ???? ??????????.\n- **?????? ??????????**: ?????? ?????????? ???????????? (?????????????? ??????????).\n- **???????? ?????????????????**: ???????????? ???????? ???????? ?????????? ???????? ????.\n- **Margin (?????????? ??????)**: ?????????? ?????? ???????? ???????? ?? ???????? ?????????????????.\n\n## ??. ??????????????????? ???? ???????? ??????\n- **admin / manager / accountant**: ?????????????? ???????? ????????????????? ?????? ?????????? ?? margin.\n- **sales**: ?????????????? ?????? ???????? ???????? ??????????.\n- **viewer**: ?????????????? ??????????.\n\n## ??. ?????? ?????????? ????????????\n- ?????? ???????????? ?????????? ????????????????????? ?? margin ?????????????? ?????????????? ??????????.\n- ???????????? ?????????? ???????????? ???????? ???? ???? ?????? ???????? ???? ???????????? ???? ???????????? ??????????????.\n	title=?????????????? ???????????????? ??? 5. ?????????????? ????????????????????? | category=general
knowledge_documents_backup_20260722	content	(3,4)	> ?????????? ???????????????????????: ????????/????/????\n\n# ???????????????????? ???????? ??????????????\n\n## ??. ?????? ????????????????????\n?????????? ???????????? ???????? ????????????????????? ???????? ???????????? (?????????? ?????????????? ????????) ?? ?????????? ???????? ???????? ??????????????.\n\n## ??. ????????????\n- **XP**: ???????????? ??????????.\n- **Level**: ?????? ???????? ???? ?????????? ?????????? XP.\n- **League**: ?????? ?????????? ???? ?????? ???? Bronze ???????? ?????????????.\n- **Achievement**: ?????????? ???? ???????? ?????? ???????? ???????? ?????????????.\n- **Mission**: ?????????????? ???? ???????? (?????????????? ???????????? ????????????).\n- **Leaderboard**: ??????????????????? ?????? ????????.\n\n## ??. ?????? ???????? ??????????????????? ???????????? ????????????\n?????? ???????? ???????????? ??????????? ???? ????????????????? ???????????????? ?????? ?????????? ???????? ??????.\n\n## ??. ?????? ???????? ???????????? ???? ???????? ???????? ???????? ?????????????????\n- ???????????? ???????? ???????????????? ?????? ?????????? ?????? ?????????????.\n- ???????? ??????????????? ?????? ???? ?????????? ??????/?????? ?????????????? ???????????????.\n- ?????? ?????? ???? ?????? ?????????? ???????? ?? ???????? ?????????????????? ???? ?????????? ???????? ????????????.\n	title=?????????????? ???????????????? ??? 6. ?????????????? ???????????????????? ???????? ?????????????? | category=general
knowledge_documents_backup_20260722	content	(4,1)	> ?????????? ???????????????????????: ????????/????/????\n\n# ???????????????????? ??? ?????????? ?? ????????\n\n> ?????? ?????????????? ?????? ?????? ?????? ???????????? ?? ???????? ???????????? ???????? ?????? ?????? ????????. ???? ?????? ?? ???? ???? ?????????? ?????????? ????????.\n\n## ??. ?????????????? ???????????? ????????????????????\n- ???????????? ??????????????????: `/gamification/admin/kpi-rules`\n- ???????????? ???????????????: `/gamification/admin/achievements`\n- ???????????? ?????????????????????: `/gamification/admin/missions`\n- ???????????? ?????????????: `/gamification/admin/leagues`\n- ???????????? ?????????????????: `/gamification/admin/rewards`\n- ?????????? ????????????????????: `/gamification/admin/analytics`\n\n## ??. ???????? ?????? ?????? ???? ?????????? ????????????\n1. ?????????? ?? ???? ?? ??????????????? ???? ????????????????? ???????? ?????????? ????????.\n2. ???? ?????? ?????? ???? ?????????????? ???? ?????????? ???????? ???? ?????? ???? ???????? ???????? ????????.\n3. ?????????? ???? ???? ?????? ?????????? ????????.\n\n## ??. ???? ???????????????? ?????? ????????????????? ?????????? ?????? ????????????\n- ?????????? xp_amount ???? ?????????? ??? ?????? ?????????????????? ???????? ???? ?????????? ???????? ???????????? ???????????????.\n- ?????????????? ???????? ???? ?????????? ??? ???? ???????? ??????????????????????????? ???????? ?????????????? ?????? ???????????????.\n- ?????????? ?????? Achievement ??? ?????? ????????????????? ?????????? ?????????? ???????????????.\n\n## ??. ??????????????????????? ????????\n- **?????????? ???????????? ????????????????? ???????? ????????????????????? ???????? ??????.**\n- **?????????? ???????????? ??????????/???????? ?????? ???????? ????????????????????? ???????? ??????.** ?????? preview ?????????? ??????.\n	title=?????????????? ???????????????? ??? 7. ?????????????? ???????????????????? ???????? ?????????? ?? ???????? | category=general
knowledge_documents_backup_20260722	content	(4,2)	> ?????????? ???????????????????????: ????????/????/????\n\n# ???????????? ?????????????????? (KPI Rules)\n\n????????: `/gamification/admin/kpi-rules`\n\n## ??. ????????????\n- **event_key**: ???????????? ?????????? ?????????????? ?????? `outbound_call`.\n- **xp_amount**: ?????????? XP ???? ???????? ???? ?????? ???????? ???? ???????????? ???? ?????????? ???????? ?????????????.\n- **is_active**: ?????????? ???????? ?????? ???? ??????.\n\n## ??. ????????/?????????????? ???????? ??????????\n1. ???????? ?????????? ???????????? ????????.\n2. ?????? ?????????? ???????? ?????????? ???????? ?????? ??????????.\n3. ?????????? ???????????????? ?????? ?????????????????? ???????? ?????????? ?????????????.\n\n## ??. ????????????????? ????????????\n| event_key | ?????????? | ?????????????? xp |\n|-----------|-------|-----------|\n| outbound_call | ???????? ?????????? ?????????????? | 5 |\n| inbound_call | ???????? ?????????? ???????????????????????????? | 3 |\n| new_customer_created | ???????????? ?????????? ???????? | 20 |\n| sale_closed | ???????? ???????? | 50 |\n| task_completed | ?????????? ?????????? | 10 |\n| followup_completed | ?????????? ???????????? | 8 |\n\n> ?????????? ???????? ?????? ????????????????????? ?????????? ?????????? ???? ???? ???????? ???????????????? ?????? ?????????? ????????.\n	title=?????????????? ???????????????? ??? 8. ?????????????? ???????????? ?????????????????? | category=general
knowledge_documents_backup_20260722	content	(4,3)	> ?????????? ???????????????????????: ????????/????/????\n\n# ??????????????? (Achievements) ?? ????????????????????? (Missions)\n\n## ??. ???????? Achievement\n1. ????????: `/gamification/admin/achievements`\n2. ?????? ???????????????? ??????????.\n3. ???????????? ???????????? ?????? (?????????? ?????? ???????? ???????????????????) ?? XP ?????????? ???? ???????? ????????.\n\n## ??. ?????? Achievement\n- ?????????????? ??????????????? ???????????? ?????? ???? event_key ?????????? ?????????????.\n- ????????: `sale_closed >= 10`\n\n## ??. XP ??????????\n- ?????????? XP?? ???? ?????????? ???????? ?????? ???????? ???? ?????????? ?????????? ?????????????.\n\n## ??. ???????? Mission\n1. ????????: `/gamification/admin/missions`\n2. ???????????? ?????? (????????????/??????????/????????????/????????????)?? ?????? ?? XP ?????????? ???? ???????? ????????.\n\n## ??. ?????????? Mission ?? Achievement\n- **Mission** ???????? ?????????? ???????? ?? ???? ?????????? ???????? ??????????????? ???? ?????????? ?????????????.\n- **Achievement** ????????????? ???????? ????????????? ?? ?????????? ??????.\n\n## ??. ?????????? ??????????????\n- ????????????: ?????? ???? ???????? ?????????? ????????????.\n- ??????????: ?????? ???? ?????????? ???????? ?????? ??????????.\n- ????????????: ?????? ?????? ???????? ????????????????? ?????? ????????.\n- ????????????: ?????????? ?????????? ????????????.\n\n## ??. ????????????????? ????????\n- ???????? ?????????? ????????????: ?? ???????? ????????????????? ???? ?????? ??????.\n- ?????????????? ???????????? ???????? ?????????????????: ?? ???????? ?????????? ???? ??????.\n	title=?????????????? ???????????????? ??? 9. ?????????????? ??????????????? ?? ????????????????????? | category=general
knowledge_documents_backup_20260722	content	(4,4)	> ?????????? ???????????????????????: ????????/????/????\n\n# ??????????????? ????????????? ?? ?????????????????\n\n## ??. ?????????????\n- ??????????: Bronze ??? Silver ??? Gold ??? Platinum ??? Diamond ??? Master ??? Legend.\n- ???? ?????????? ???? ???????????? ?????? ???? ???????? ???????????? ?????????? ???? ?????? ???? ????????????? ???????? ???????????????.\n\n## ??. Season (??????)\n- ???? ?????? ?????????? ?????????? ???????? ???????? (?????????? ???????????? ???? ???????????????).\n- ???? ?????????? ???????? ??????????????????? ???????????? ?? ????????????????????? ?????? ?????? ?????????? ?????????????.\n\n## ??. ???????? ?????????? ?? ????????\n- ?????????? ???? ?????????? ???????? ???? ?????? ???? ?????? ???????????? ?????????? ?????????????????.\n- ?????????? ???? ?????????? ???? ?????? ????????????????? ???????? ???????????????.\n- ???????????? ???????? ???? ?????????? ???????????? ????????????? ???????? ?????????? ??????.\n\n## ??. Preview ??????????/????????\n- ???? `/gamification/admin/leagues` ??????????????????? ??????????????????? ??????????/???????? ?????? ???????? ???? ????????????.\n\n## ??. ?????? ??????????????\n**?????????? ???????????? ??????????/???????? ?????? ???????? ????????????????????? ???????? ??????.** ?????????? ?????? preview ???? ?????????? ?????? ?? ?????????? ?????????? ???????? ???????? ?????????? ??????.\n\n## ??. Reward (??????????)\n- ????????: `/gamification/admin/rewards`\n- ????????????????? ???? ??????????????????????? ???????? ?????? ?????????? ???????? ???????????????.\n\n## ??. ?????????? ??????????\n- ?????????? ???????? ?????????? ?????????? ?????????????? ????????????????? ???????? ??????????????????? ???????? ??????????.\n\n## ??. ?????? ??????????????\n**?????????? ???????????? ????????????????? ???????? ????????????????????? ???????? ??????.** ?????? ?? ?????????? ????????????????? ?????????? ???????? ??????.\n	title=?????????????? ???????????????? ??? 10. ?????????????? ??????????????? ????????????? ?? ????????????????? | category=general
knowledge_documents_backup_20260722	content	(4,5)	> ?????????? ???????????????????????: ????????/????/????\n\n# ?????????? ????????????????????\n\n????????: `/gamification/admin/analytics`\n\n## ??. KPI Cards\n???????? ?????? ????????????????? ??????: ?????????? XP ???????????????? ?????????? ?????????????????? ?????????????? ???????? ?? ???\n\n## ??. ??????????????\n- **???????? ??????????**: ???????????? ?????? ?????????? ?????? ???????? ?????? ?????????? ???? ?????????? ????????????.\n- **????????????**: ?????????? ???????? ???? ?????????? ??????.\n- **event_type**: ?????????? ?????? ???? ?????? ????????????.\n\n## ??. ?????????? KPI????\n- ???????? ?????? XP ???? ????????????????? ??????????.\n- ?????????????? ?????????????.\n\n## ??. ?????????? ?????????????????????\n- ?????? ?????????? ??????????????????????? ????????????/??????????/????????????.\n\n## ??. ?????????? ???????????????\n- ???????????????? ????????????????? ???????? ?????? ???? ?????? ??????????????.\n\n## ??. ?????????? ?????????????\n- ?????? ?????????? ???? ???? ?????? ??????????.\n\n## ??. ??????????????????????? ???????????????\n- ?????????? ???????????????? ???? ???? ?????????? ???????????????? ???????????? ???????? ?????????? ?????????????????????.\n\n## ??. ?????? ????????\n???????? ?????? **?????????? XP ???????????? ???????? ????????????? ??????????????? ?????????????? ?????????? ???????? ????????**?? ????????????????? ?????????????? ???? ???????? ?????? ???????? ???? ?????????? ??????????????????????????????.\n	title=?????????????? ???????????????? ??? 11. ?????????????? ?????????? ???????????????????? | category=general
knowledge_documents_backup_20260722	content	(5,1)	> ?????????? ???????????????????????: ????????/????/????\n\n# ???????????? ?????????????? (FAQ)\n\n## ??. ?????? ???? ???????? ???????? ???? ?????? ?????????????????\n?????? ?????? ???????????? ?????????????? ???? ???????? ???? ??????????. ???? ?????????? ???????? ?????????? ?????? ?????? ???????? ????????????.\n\n## ??. ?????? ???? /unauthorized ???????????????\n?????? ???????? RBAC ???????????? ???????? ???? ???? ???????? ???? ???? ?????? ?????? ?????????? ??????.\n\n## ??. ?????? ?????????????? ?????????? ??????????\n- ???????? ?????? ?????????? ???????????? ?????????????? ????????.\n- ???????? ?????? ???????????? ?????? ???????? ????????.\n- ?????? ?????????? ?????? ?? ?????? ???????? ???? ???????? ????????.\n\n## ??. ?????? ???????? ???????? ????????\n- ???????? ?????? ???????? ?????? ???????? ???????? ???????? ????????.\n- ???????? ??????????????? ???? ????????????????? ???????? ?????????????? ???????????????.\n\n## ??. ?????? ?????????????? ???????? ???????? ?????????? ???????? ???????????????\n- ?????? ?????????????? ???????? ????????.\n- ???? ???????????? ?????????? ???? ?????????? ?????????????? ?????? ???????? ??????.\n\n## ??. ?????? ?????? ???? ?????????? ??????????\n**?????????? ???????????? ??????????/???????? ?????? ???????? ????????????????????? ???????? ??????.** ?????????? ?????? ?????????? ???????? ?????????? ?????????????.\n\n## ??. ?????? ?????????? ???????????? ?????????? ??????????\n**?????????? ???????????? ????????????????? ???????? ????????????????????? ???????? ??????.**\n\n## ??. ?????? ?????? ???????? ???? ?????????????? ????????????????????? ???? ???????????????????\n?????? ?????????????? ???? ???????? ?????? ?????????? ???????????????. ?????? viewer ???? sales ???????? ?????? ???????????? ???????? ???? ?????? ?????????? ???????????? ????????.\n	title=?????????????? ???????????????? ??? 12. ???????????? ?????????????? | category=general
knowledge_documents_backup_20260722	content	(5,2)	> ?????????? ???????????????????????: ????????/????/????\n\n# ???????????????????????? ??????????????\n\n## ??. ??????????????? ?????????? (????????????)\n- [ ] ?????????? ?????????????? ???? ????????????\n- [ ] ???????? Audit Logs ???? ???????? ??????????\n- [ ] ?????????? ?????????? ???????????????????? (KPI ?? ????????????????)\n- [ ] ???????? ???? ??????????????????????? ????????????\n\n## ??. ??????????????? ???????? ???????? (??????????)\n- [ ] ???????? ???????????????? ?? ??????????????????????? ????????\n- [ ] ?????????? ??????????????????????? ???????????????\n- [ ] ?????????? ?????????????? ???? ??????\n- [ ] ?????????? ?????? ?????????? ?????????????????????\n\n## ??. ??????????????? ???????? ??????\n- [ ] ?????????? ?????????? Season ????????\n- [ ] preview ??????????/???????? ?????? ??????\n- [ ] ?????????? ???????? ??????????/???????? (???? ???????? ???????? ?????? ????????????)\n- [ ] ??????????????????????? ???? ??????\n- [ ] ?????????????? ?????????????????\n\n## ??. ??????????????? ?????? ???? ?????????? ???????????? ??????????????????\n- [ ] ?????????? ?????????? ??????? ???????????????\n- [ ] ?????????? ?????? ???? ?????????????? ???? ???? ??????\n- [ ] ?????????????? ?????????? ?? ??????????\n- [ ] ??????????????????????? ???? ??????\n\n## ??. ??????????????? ?????????? ?????????? ???????????????????\n- [ ] ?????????? ?????????????? admin/manager ???? ???????? ????????\n- [ ] ???????????? ?????????????? ?????????????? ???? ?????? ????????\n- [ ] ??????????????? ???????? ?????????? ???? ?????????? ????????\n- [ ] ?????????? ?????????? ?????? ???? ?????????????? ????????\n	title=?????????????? ???????????????? ??? 13. ?????????????????????? | category=general
knowledge_documents_backup_20260722	content	(5,3)	> ?????????? ???????????????????????: ????????/????/????\n\n# ???????????????????\n\n- **XP (Experience Points)**: ???????????? ?????????? ???? ???? ?????????? ????????????????????? ?????????? ?????? ?????????????.\n- **Level**: ?????? ?????? ?????????? ???? ?????????? ?????????? XP.\n- **League**: ?????? ???????? (Bronze ???? Legend).\n- **Season**: ?????????? ?????????? ???? ?????? ????????????????????.\n- **KPI Rule**: ?????????? ?????????????????? ???? ??????????????? ???? event_key ???????? XP ?????????????.\n- **Event Key**: ???????????? ?????????? ???? ???????????? ???????? ???????????????????? ?????? `outbound_call`.\n- **Achievement**: ?????????? ???? ???????? ???? ?????? ???????? ?? ?????????? ??????.\n- **Mission**: ?????????????? ???? ???????? ?????????? (????????????/??????????/????????????/????????????).\n- **Reward**: ?????????? ???????? ?????????? ???? ?????????????? ???????? ??????.\n- **Leaderboard**: ???????? ??????????????????? ????????.\n- **Audit Log**: ?????????? ?????????????? ???????? ?????????????? ???? ??????????.\n- **RBAC (Role-Based Access Control)**: ?????????? ???????????? ???? ???????? ?????? ??????????.\n- **RLS (Row-Level Security)**: ?????????? ???????? ???????? ???? ?????????? ?????? ??????????????????? ???? ??????????????? ???? ???????????? ??????????? ???? ????????.\n\n## ??????????????????????? ???????? ??????????\n- ?????????? ???????????? ????????????????? ??? ???????? ????????????????????? ???????? ??????.\n- ?????????? ???????????? ??????????/???????? ?????? ??? ???????? ????????????????????? ???????? ??????.\n- ?????? ?????????? ???????? ??? ???????? ????????????????????? ???????? ??????.\n- ?????????????????? ????????????/?????????????? ??? ???????? ????????????????????? ???????? ??????.\n- ??????????????????????? ?? ????????????????????? (notification/export) ??? ???????? ????????????????????? ???????? ??????.\n	title=?????????????? ???????????????? ??? 14. ????????????????????? ?????????? | category=general
knowledge_documents_backup_20260722	content	(5,4)	> ?????????? ???????????????????????: ????????/????/????\n\n# ???????? ????????\n\n## ??. ???????? ???? ??????????\n1. ???????? ???????????? ???? ???? ???????????? ?????? ????????.\n2. ?????????? ?? ?????? ???????? ?????? ???? ???????? ???????? ?? ?????? ???????????? ??????????.\n3. ?????? ???????? ?????? ?????????? ???????? ?????????? ???????? ?????? ???????????? ???????????? ?????????? ???????? ??????????????? ???? ?????????? ???????? ????????????.\n\n## ??. ???????????? ???? ??????????????\n- ???????????????? ?????????? ???????? ???? ???? ???????? ??????.\n- ????????????????? ???? ?????????? ???????? ???????? ???????? ???? ???????? ?????????? ???????? ?????????????.\n\n## ??. ???????? ?????? ???????? (Sidebar)\n?????? ???? ?????? ??????????????? ?????????? ?????? ??????:\n1. ???????? ??? ??????????????\n2. ???????? ?? CRM ??? ???????????????? ??????????????????????????? ?????????????????? ????????????????????\n3. ????????????????????? ??? ???????? ???????? ?????????? ???????????? ?????????? ???????????? ???????? ????????\n4. ???????????? ??? ???????????????? ?????????? ????????????????????????????? ??????????????????? ??????????\n5. ???????? ??? ??????????????? ?????????????? ?????????????????\n6. ???????????????????? ??? ?????????????? ?????????????????????? ????????????????\n7. ???????????? ???????????????????? (?????? ??????????/????????)\n8. ???????????????? ??? ???????? ???????????????? ?????????????? ???????????????\n9. ???????????? ?????????? (?????? ??????????)\n\n## ??. ??????????????? ????????????\n- **admin**: ???????????? ???????? ???? ???????? ????????????? ?? ??????????????.\n- **manager**: ???????????? ???????? ??????????????????? ????????????????????.\n- **sales**: ?????? ?????????????? ?????????? ???????????????? ??????????????????????? ???????????????????? ????????.\n- **accountant**: ??????????????? ?????????? ?????????????? ?????????????????????.\n- **viewer**: ?????? ?????????????? ????????????????? ?? ??????????????? ???????? ?????????? ??????????.\n\n## ??. ?????? ???????? ??????????????? ???????? ???? ?????? ???????????????????\n??????????????????? ???? ???????? ?????? (RBAC) ?????????? ???????????????. ?????? ?????? ?????????? ???????? ???????? ?? ???? ?????????? /unauthorized ???????????? ???????? ?????? ?????? ???????????? ?????????????? ???? ???????? ???? ??????????. ???? ?????? ???????? ???? ?????????? ???????? ????????????.\n	title=?????????????? ???????????????? ??? 1. ???????? ???????? ???? ?????????? ???????????????? | category=general
knowledge_documents_backup_20260722	content	(5,5)	> ?????????? ???????????????????????: ????????/????/????\n\n# ?????????????? ??????????\n\n> ?????? ?????? ???????????? ?????? ???????? ?????????????? ???? ?????? admin ???????????? ????????. ?????????????? ?????? ?????? ?????? ???? ???????????? ?????? ?????????????????.\n\n## ??. ???????????? ?????????????? ?? ?????????????\n1. ???? ???????? ?????????????? ?????????? ??? ???????????????? ??????????.\n2. ???????? ?????????????? ???? ?????????????? ???? ???????????????? ???? ?????????????? ?????????? ???? ???? ???????????? ?????????? ????????.\n3. ???? ??????????????? ?? ???????????????? ?????? ???? ?????????? ???? ?????????? ????????.\n\n## ??. ?????????? ????????????????????? ????????\n- ????????: ???????????????? ?????????? (/admin/roles)\n- ???? ?????? ???????? ??????????????????? ?????????????? ???????????? ???? ???????? ????????????? ?????????? ????????.\n\n## ??. ?????????????? Audit Logs\n- ????????: ?????????????? ?????????? ??? Audit Logs??\n- ???????? ?????????????? ???????? ???? ?????? ???????? ?????? ???????????????.\n\n## ??. ???????? ????????????\n- ???????? ?????? admin ???? ???? ???????????? ???????? ???????? ?????????? ??????????.\n- ?????????????? ?? ?????????????? API ???? ???? ??????????????? ???? ???????????? ??????????????.\n- ?????? ???? ?????? ???????????? ??????????????????? ???????? ???? ???? ?????????? ????????.\n\n## ??. ??????????????? ?????????????? ??????????\n1. ?????????????? ???? ???????????? ???? ?????????? ????????.\n2. Audit Log????????? ???? ???????? ?????????? ???? ???????? ????????.\n3. ?????????? ?????????? ???????????????????? (???????????????? ?? KPI) ???? ???? ????????.\n4. ????????????????? ???????????????? ?????????? ???? ???????? ????????.\n\n## ??. ??????????????? ?????? ???? ?????????? ?????????????? ??????\n1. ???? ?????????? ???????? ?????? ???? ?????????? ?????????????? ???????? ????????.\n2. ?????????? ?????????? ???? ?????? ??????????????? ???????? ????????????.\n3. ???? ???????? ???????????? ???? ?????????? ????????????? ?????????? ????????.\n4. ???? ???? ???????????? ??????????????? ?????????? ???? ???? ????????.\n	title=?????????????? ???????????????? ??? 2. ?????????????? ?????????? | category=general
knowledge_documents_backup_20260722	content	(6,1)	> ?????????? ???????????????????????: ????????/????/????\n\n# ?????????????? ???????? ????????\n\n## ??. ?????????? ???????????? ?????????????????????\n1. ???? ????????????????????? ??????????.\n2. ????????????????? ???????? ???? ?????????? (?????????? ?????????? ?????????? ?????????? ???????? ?????????????????) ???? ???????? ????????.\n\n## ??. ?????????????? ?????????????????\n- ??????????????????? ?????????? ???? ?????????? ????????????????????? ???? ??????????????? ??????????????? ?????????? ????????.\n\n## ??. ?????????? ??????????????????????? ???????????????\n- ???? ???????????? ?????????????????????? (/gamification/admin/analytics) ?????? ????????????????????????? ????????????????? ???? ????????????.\n- ???? ?????? ?????????? ?????????????? ??????????????????? ???????????? ????????.\n\n## ??. ?????????????? ?????????? ????????????????????\n- KPI Cards: ???????? ?????? ???????????? ??????.\n- ?????????? ???????? ???????????? ???????????? ?? event_type ???????? ?????????? ???????????????.\n\n## ??. ????????????????\n- ????????: ?????????????????????? ??? ??????????????????\n- ?????????? ????????????????????? ???? ???????? XP ?????? ???????? ?????????? ???????? ?????????????.\n\n## ??. ????????????????????? ???????? ?????????? ???????????? ??????????????????\n1. ?????????? ????????????????? ?? ???? ?? ?????????? ?????????? ???? ?????????? ????????.\n2. ?????? ???? ?????????? ?????? (?????? ????????????) ???????????? ???????? ??????????????????? xp_amount ???? ???? ???????????? ????????.\n3. ?????????????? ?????? ????????????????? ?????????? ?????? ??????????????????? ???? ??????????.\n	title=?????????????? ???????????????? ??? 3. ?????????????? ???????? ???????? | category=general
knowledge_documents_backup_20260722	content	(6,2)	> ?????????? ???????????????????????: ????????/????/????\n\n# ?????????????? ??????????????\n\n## ??. ?????????????? ????????\n- ???? ???? ?????????? XP ?????????? Level ?? League?? ???? ???? ???? ?????????? ?????????? ???????? ?????????????.\n\n## ??. ???????????? ????????\n- **XP**: ???????????? ??????????. ???? ???????????? ?????????? ???????????? XP ???? ?????? ?????????????.\n- **Level**: ?????? ?????? ?????? ???? ???? ???????? ?????????? XP ???????? ?????????????.\n- **League**: ?????? ???????? (Bronze, Silver, Gold, Platinum, Diamond, Master, Legend).\n- **Achievement (????????)**: ?????????? ???? ???? ?????????? ???? ???? ?????? ???????? ???????? ?????????????.\n- **Mission (??????????????)**: ????????????????? ???? ???????? ?????????? (?????????????? ???????????? ????????????).\n- **Leaderboard**: ???????? ??????????????????? ?????? ???? ?????? ????????.\n\n## ??. ?????????????? ???????? ???????????? ?????????????????\n- ?????? ???????? ?????????? (outbound_call)\n- ?????? ???????? ?????????? (inbound_call)\n- ???????????? ?????????? ???????? (new_customer_created)\n- ???????? ???????? (sale_closed)\n- ?????????? ?????????? (task_completed)\n- ?????????? ???????????? (followup_completed)\n\n## ??. ???? ?????????????? ???????? ?????? ??????????????? ???????????? ?????????????????\n1. ?????????? ??????????????????????? ???????????? ?? ??????????.\n2. ?????????? ?????? ??????????????????????? ???? xp_amount ???????? (???? ?????????????? ???????????????????? ???????? ???????????? ???????? ??????????).\n3. ???????? ???????? ????????????????? ????????.\n	title=?????????????? ???????????????? ??? 4. ?????????????? ?????????????? | category=general
knowledge_documents_backup_20260722	content	(6,3)	> ?????????? ???????????????????????: ????????/????/????\n\n# ?????????????? ?????????????????????\n\n## ??. ???????? ???????? ????????\n- ????????: ??????????????????????? ??? ???????? ???????? ??????????\n- ?????????? ????????????????? ???????? ?????????????? ???? ?????????? ?????????????.\n\n## ??. ???????????? ???????? ???????? ????????\n- ????????: ??????????????????????? ??? ???????????? ???????? ??????????\n- ???????? ???????? ?? ???????? ?????????? ?????? ?????????????? ???????? ???????? ????????.\n\n## ??. ???????????? ???????? ???????? ??????????????\n- ???? ?????????? ???? ???????????? ???????? ???????????? ???????? ???????? ???????? ???????????? ??????.\n\n## ??. ?????? ?????????? ?? ????????????\n- ?????? ???????? ?? ?????????? ?????? ?????? ???? ?????????????? ?? ???????????? ???????? ?????????? ???????????????.\n- ?????? ?????????? ?????????????? ?????????? ?????????????? ???????? ?????????? ??????.\n\n## ??. ?????????? ???????????? ??????????\n- **???????? ????????**: ???????? ?????????? ???? ??????????.\n- **?????? ??????????**: ?????? ?????????? ???????????? (?????????????? ??????????).\n- **???????? ?????????????????**: ???????????? ???????? ???????? ?????????? ???????? ????.\n- **Margin (?????????? ??????)**: ?????????? ?????? ???????? ???????? ?? ???????? ?????????????????.\n\n## ??. ??????????????????? ???? ???????? ??????\n- **admin / manager / accountant**: ?????????????? ???????? ????????????????? ?????? ?????????? ?? margin.\n- **sales**: ?????????????? ?????? ???????? ???????? ??????????.\n- **viewer**: ?????????????? ??????????.\n\n## ??. ?????? ?????????? ????????????\n- ?????? ???????????? ?????????? ????????????????????? ?? margin ?????????????? ?????????????? ??????????.\n- ???????????? ?????????? ???????????? ???????? ???? ???? ?????? ???????? ???? ???????????? ???? ???????????? ??????????????.\n	title=?????????????? ???????????????? ??? 5. ?????????????? ????????????????????? | category=general
knowledge_documents_backup_20260722	content	(6,4)	> ?????????? ???????????????????????: ????????/????/????\n\n# ???????????????????? ???????? ??????????????\n\n## ??. ?????? ????????????????????\n?????????? ???????????? ???????? ????????????????????? ???????? ???????????? (?????????? ?????????????? ????????) ?? ?????????? ???????? ???????? ??????????????.\n\n## ??. ????????????\n- **XP**: ???????????? ??????????.\n- **Level**: ?????? ???????? ???? ?????????? ?????????? XP.\n- **League**: ?????? ?????????? ???? ?????? ???? Bronze ???????? ?????????????.\n- **Achievement**: ?????????? ???? ???????? ?????? ???????? ???????? ?????????????.\n- **Mission**: ?????????????? ???? ???????? (?????????????? ???????????? ????????????).\n- **Leaderboard**: ??????????????????? ?????? ????????.\n\n## ??. ?????? ???????? ??????????????????? ???????????? ????????????\n?????? ???????? ???????????? ??????????? ???? ????????????????? ???????????????? ?????? ?????????? ???????? ??????.\n\n## ??. ?????? ???????? ???????????? ???? ???????? ???????? ???????? ?????????????????\n- ???????????? ???????? ???????????????? ?????? ?????????? ?????? ?????????????.\n- ???????? ??????????????? ?????? ???? ?????????? ??????/?????? ?????????????? ???????????????.\n- ?????? ?????? ???? ?????? ?????????? ???????? ?? ???????? ?????????????????? ???? ?????????? ???????? ????????????.\n	title=?????????????? ???????????????? ??? 6. ?????????????? ???????????????????? ???????? ?????????????? | category=general
knowledge_documents_backup_20260722	content	(7,1)	> ?????????? ???????????????????????: ????????/????/????\n\n# ???????????????????? ??? ?????????? ?? ????????\n\n> ?????? ?????????????? ?????? ?????? ?????? ???????????? ?? ???????? ???????????? ???????? ?????? ?????? ????????. ???? ?????? ?? ???? ???? ?????????? ?????????? ????????.\n\n## ??. ?????????????? ???????????? ????????????????????\n- ???????????? ??????????????????: `/gamification/admin/kpi-rules`\n- ???????????? ???????????????: `/gamification/admin/achievements`\n- ???????????? ?????????????????????: `/gamification/admin/missions`\n- ???????????? ?????????????: `/gamification/admin/leagues`\n- ???????????? ?????????????????: `/gamification/admin/rewards`\n- ?????????? ????????????????????: `/gamification/admin/analytics`\n\n## ??. ???????? ?????? ?????? ???? ?????????? ????????????\n1. ?????????? ?? ???? ?? ??????????????? ???? ????????????????? ???????? ?????????? ????????.\n2. ???? ?????? ?????? ???? ?????????????? ???? ?????????? ???????? ???? ?????? ???? ???????? ???????? ????????.\n3. ?????????? ???? ???? ?????? ?????????? ????????.\n\n## ??. ???? ???????????????? ?????? ????????????????? ?????????? ?????? ????????????\n- ?????????? xp_amount ???? ?????????? ??? ?????? ?????????????????? ???????? ???? ?????????? ???????? ???????????? ???????????????.\n- ?????????????? ???????? ???? ?????????? ??? ???? ???????? ??????????????????????????? ???????? ?????????????? ?????? ???????????????.\n- ?????????? ?????? Achievement ??? ?????? ????????????????? ?????????? ?????????? ???????????????.\n\n## ??. ??????????????????????? ????????\n- **?????????? ???????????? ????????????????? ???????? ????????????????????? ???????? ??????.**\n- **?????????? ???????????? ??????????/???????? ?????? ???????? ????????????????????? ???????? ??????.** ?????? preview ?????????? ??????.\n	title=?????????????? ???????????????? ??? 7. ?????????????? ???????????????????? ???????? ?????????? ?? ???????? | category=general
knowledge_documents_backup_20260722	content	(7,2)	> ?????????? ???????????????????????: ????????/????/????\n\n# ???????????? ?????????????????? (KPI Rules)\n\n????????: `/gamification/admin/kpi-rules`\n\n## ??. ????????????\n- **event_key**: ???????????? ?????????? ?????????????? ?????? `outbound_call`.\n- **xp_amount**: ?????????? XP ???? ???????? ???? ?????? ???????? ???? ???????????? ???? ?????????? ???????? ?????????????.\n- **is_active**: ?????????? ???????? ?????? ???? ??????.\n\n## ??. ????????/?????????????? ???????? ??????????\n1. ???????? ?????????? ???????????? ????????.\n2. ?????? ?????????? ???????? ?????????? ???????? ?????? ??????????.\n3. ?????????? ???????????????? ?????? ?????????????????? ???????? ?????????? ?????????????.\n\n## ??. ????????????????? ????????????\n| event_key | ?????????? | ?????????????? xp |\n|-----------|-------|-----------|\n| outbound_call | ???????? ?????????? ?????????????? | 5 |\n| inbound_call | ???????? ?????????? ???????????????????????????? | 3 |\n| new_customer_created | ???????????? ?????????? ???????? | 20 |\n| sale_closed | ???????? ???????? | 50 |\n| task_completed | ?????????? ?????????? | 10 |\n| followup_completed | ?????????? ???????????? | 8 |\n\n> ?????????? ???????? ?????? ????????????????????? ?????????? ?????????? ???? ???? ???????? ???????????????? ?????? ?????????? ????????.\n	title=?????????????? ???????????????? ??? 8. ?????????????? ???????????? ?????????????????? | category=general
knowledge_documents_backup_20260722	content	(7,3)	> ?????????? ???????????????????????: ????????/????/????\n\n# ??????????????? (Achievements) ?? ????????????????????? (Missions)\n\n## ??. ???????? Achievement\n1. ????????: `/gamification/admin/achievements`\n2. ?????? ???????????????? ??????????.\n3. ???????????? ???????????? ?????? (?????????? ?????? ???????? ???????????????????) ?? XP ?????????? ???? ???????? ????????.\n\n## ??. ?????? Achievement\n- ?????????????? ??????????????? ???????????? ?????? ???? event_key ?????????? ?????????????.\n- ????????: `sale_closed >= 10`\n\n## ??. XP ??????????\n- ?????????? XP?? ???? ?????????? ???????? ?????? ???????? ???? ?????????? ?????????? ?????????????.\n\n## ??. ???????? Mission\n1. ????????: `/gamification/admin/missions`\n2. ???????????? ?????? (????????????/??????????/????????????/????????????)?? ?????? ?? XP ?????????? ???? ???????? ????????.\n\n## ??. ?????????? Mission ?? Achievement\n- **Mission** ???????? ?????????? ???????? ?? ???? ?????????? ???????? ??????????????? ???? ?????????? ?????????????.\n- **Achievement** ????????????? ???????? ????????????? ?? ?????????? ??????.\n\n## ??. ?????????? ??????????????\n- ????????????: ?????? ???? ???????? ?????????? ????????????.\n- ??????????: ?????? ???? ?????????? ???????? ?????? ??????????.\n- ????????????: ?????? ?????? ???????? ????????????????? ?????? ????????.\n- ????????????: ?????????? ?????????? ????????????.\n\n## ??. ????????????????? ????????\n- ???????? ?????????? ????????????: ?? ???????? ????????????????? ???? ?????? ??????.\n- ?????????????? ???????????? ???????? ?????????????????: ?? ???????? ?????????? ???? ??????.\n	title=?????????????? ???????????????? ??? 9. ?????????????? ??????????????? ?? ????????????????????? | category=general
knowledge_documents_backup_20260722	content	(7,4)	> ?????????? ???????????????????????: ????????/????/????\n\n# ??????????????? ????????????? ?? ?????????????????\n\n## ??. ?????????????\n- ??????????: Bronze ??? Silver ??? Gold ??? Platinum ??? Diamond ??? Master ??? Legend.\n- ???? ?????????? ???? ???????????? ?????? ???? ???????? ???????????? ?????????? ???? ?????? ???? ????????????? ???????? ???????????????.\n\n## ??. Season (??????)\n- ???? ?????? ?????????? ?????????? ???????? ???????? (?????????? ???????????? ???? ???????????????).\n- ???? ?????????? ???????? ??????????????????? ???????????? ?? ????????????????????? ?????? ?????? ?????????? ?????????????.\n\n## ??. ???????? ?????????? ?? ????????\n- ?????????? ???? ?????????? ???????? ???? ?????? ???? ?????? ???????????? ?????????? ?????????????????.\n- ?????????? ???? ?????????? ???? ?????? ????????????????? ???????? ???????????????.\n- ???????????? ???????? ???? ?????????? ???????????? ????????????? ???????? ?????????? ??????.\n\n## ??. Preview ??????????/????????\n- ???? `/gamification/admin/leagues` ??????????????????? ??????????????????? ??????????/???????? ?????? ???????? ???? ????????????.\n\n## ??. ?????? ??????????????\n**?????????? ???????????? ??????????/???????? ?????? ???????? ????????????????????? ???????? ??????.** ?????????? ?????? preview ???? ?????????? ?????? ?? ?????????? ?????????? ???????? ???????? ?????????? ??????.\n\n## ??. Reward (??????????)\n- ????????: `/gamification/admin/rewards`\n- ????????????????? ???? ??????????????????????? ???????? ?????? ?????????? ???????? ???????????????.\n\n## ??. ?????????? ??????????\n- ?????????? ???????? ?????????? ?????????? ?????????????? ????????????????? ???????? ??????????????????? ???????? ??????????.\n\n## ??. ?????? ??????????????\n**?????????? ???????????? ????????????????? ???????? ????????????????????? ???????? ??????.** ?????? ?? ?????????? ????????????????? ?????????? ???????? ??????.\n	title=?????????????? ???????????????? ??? 10. ?????????????? ??????????????? ????????????? ?? ????????????????? | category=general
knowledge_documents_backup_20260722	content	(7,5)	> ?????????? ???????????????????????: ????????/????/????\n\n# ?????????? ????????????????????\n\n????????: `/gamification/admin/analytics`\n\n## ??. KPI Cards\n???????? ?????? ????????????????? ??????: ?????????? XP ???????????????? ?????????? ?????????????????? ?????????????? ???????? ?? ???\n\n## ??. ??????????????\n- **???????? ??????????**: ???????????? ?????? ?????????? ?????? ???????? ?????? ?????????? ???? ?????????? ????????????.\n- **????????????**: ?????????? ???????? ???? ?????????? ??????.\n- **event_type**: ?????????? ?????? ???? ?????? ????????????.\n\n## ??. ?????????? KPI????\n- ???????? ?????? XP ???? ????????????????? ??????????.\n- ?????????????? ?????????????.\n\n## ??. ?????????? ?????????????????????\n- ?????? ?????????? ??????????????????????? ????????????/??????????/????????????.\n\n## ??. ?????????? ???????????????\n- ???????????????? ????????????????? ???????? ?????? ???? ?????? ??????????????.\n\n## ??. ?????????? ?????????????\n- ?????? ?????????? ???? ???? ?????? ??????????.\n\n## ??. ??????????????????????? ???????????????\n- ?????????? ???????????????? ???? ???? ?????????? ???????????????? ???????????? ???????? ?????????? ?????????????????????.\n\n## ??. ?????? ????????\n???????? ?????? **?????????? XP ???????????? ???????? ????????????? ??????????????? ?????????????? ?????????? ???????? ????????**?? ????????????????? ?????????????? ???? ???????? ?????? ???????? ???? ?????????? ??????????????????????????????.\n	title=?????????????? ???????????????? ??? 11. ?????????????? ?????????? ???????????????????? | category=general
knowledge_documents_backup_20260722	content	(8,1)	> ?????????? ???????????????????????: ????????/????/????\n\n# ???????????? ?????????????? (FAQ)\n\n## ??. ?????? ???? ???????? ???????? ???? ?????? ?????????????????\n?????? ?????? ???????????? ?????????????? ???? ???????? ???? ??????????. ???? ?????????? ???????? ?????????? ?????? ?????? ???????? ????????????.\n\n## ??. ?????? ???? /unauthorized ???????????????\n?????? ???????? RBAC ???????????? ???????? ???? ???? ???????? ???? ???? ?????? ?????? ?????????? ??????.\n\n## ??. ?????? ?????????????? ?????????? ??????????\n- ???????? ?????? ?????????? ???????????? ?????????????? ????????.\n- ???????? ?????? ???????????? ?????? ???????? ????????.\n- ?????? ?????????? ?????? ?? ?????? ???????? ???? ???????? ????????.\n\n## ??. ?????? ???????? ???????? ????????\n- ???????? ?????? ???????? ?????? ???????? ???????? ???????? ????????.\n- ???????? ??????????????? ???? ????????????????? ???????? ?????????????? ???????????????.\n\n## ??. ?????? ?????????????? ???????? ???????? ?????????? ???????? ???????????????\n- ?????? ?????????????? ???????? ????????.\n- ???? ???????????? ?????????? ???? ?????????? ?????????????? ?????? ???????? ??????.\n\n## ??. ?????? ?????? ???? ?????????? ??????????\n**?????????? ???????????? ??????????/???????? ?????? ???????? ????????????????????? ???????? ??????.** ?????????? ?????? ?????????? ???????? ?????????? ?????????????.\n\n## ??. ?????? ?????????? ???????????? ?????????? ??????????\n**?????????? ???????????? ????????????????? ???????? ????????????????????? ???????? ??????.**\n\n## ??. ?????? ?????? ???????? ???? ?????????????? ????????????????????? ???? ???????????????????\n?????? ?????????????? ???? ???????? ?????? ?????????? ???????????????. ?????? viewer ???? sales ???????? ?????? ???????????? ???????? ???? ?????? ?????????? ???????????? ????????.\n	title=?????????????? ???????????????? ??? 12. ???????????? ?????????????? | category=general
knowledge_documents_backup_20260722	content	(8,2)	> ?????????? ???????????????????????: ????????/????/????\n\n# ???????????????????????? ??????????????\n\n## ??. ??????????????? ?????????? (????????????)\n- [ ] ?????????? ?????????????? ???? ????????????\n- [ ] ???????? Audit Logs ???? ???????? ??????????\n- [ ] ?????????? ?????????? ???????????????????? (KPI ?? ????????????????)\n- [ ] ???????? ???? ??????????????????????? ????????????\n\n## ??. ??????????????? ???????? ???????? (??????????)\n- [ ] ???????? ???????????????? ?? ??????????????????????? ????????\n- [ ] ?????????? ??????????????????????? ???????????????\n- [ ] ?????????? ?????????????? ???? ??????\n- [ ] ?????????? ?????? ?????????? ?????????????????????\n\n## ??. ??????????????? ???????? ??????\n- [ ] ?????????? ?????????? Season ????????\n- [ ] preview ??????????/???????? ?????? ??????\n- [ ] ?????????? ???????? ??????????/???????? (???? ???????? ???????? ?????? ????????????)\n- [ ] ??????????????????????? ???? ??????\n- [ ] ?????????????? ?????????????????\n\n## ??. ??????????????? ?????? ???? ?????????? ???????????? ??????????????????\n- [ ] ?????????? ?????????? ??????? ???????????????\n- [ ] ?????????? ?????? ???? ?????????????? ???? ???? ??????\n- [ ] ?????????????? ?????????? ?? ??????????\n- [ ] ??????????????????????? ???? ??????\n\n## ??. ??????????????? ?????????? ?????????? ???????????????????\n- [ ] ?????????? ?????????????? admin/manager ???? ???????? ????????\n- [ ] ???????????? ?????????????? ?????????????? ???? ?????? ????????\n- [ ] ??????????????? ???????? ?????????? ???? ?????????? ????????\n- [ ] ?????????? ?????????? ?????? ???? ?????????????? ????????\n	title=?????????????? ???????????????? ??? 13. ?????????????????????? | category=general
knowledge_documents_backup_20260722	content	(8,3)	> ?????????? ???????????????????????: ????????/????/????\n\n# ???????????????????\n\n- **XP (Experience Points)**: ???????????? ?????????? ???? ???? ?????????? ????????????????????? ?????????? ?????? ?????????????.\n- **Level**: ?????? ?????? ?????????? ???? ?????????? ?????????? XP.\n- **League**: ?????? ???????? (Bronze ???? Legend).\n- **Season**: ?????????? ?????????? ???? ?????? ????????????????????.\n- **KPI Rule**: ?????????? ?????????????????? ???? ??????????????? ???? event_key ???????? XP ?????????????.\n- **Event Key**: ???????????? ?????????? ???? ???????????? ???????? ???????????????????? ?????? `outbound_call`.\n- **Achievement**: ?????????? ???? ???????? ???? ?????? ???????? ?? ?????????? ??????.\n- **Mission**: ?????????????? ???? ???????? ?????????? (????????????/??????????/????????????/????????????).\n- **Reward**: ?????????? ???????? ?????????? ???? ?????????????? ???????? ??????.\n- **Leaderboard**: ???????? ??????????????????? ????????.\n- **Audit Log**: ?????????? ?????????????? ???????? ?????????????? ???? ??????????.\n- **RBAC (Role-Based Access Control)**: ?????????? ???????????? ???? ???????? ?????? ??????????.\n- **RLS (Row-Level Security)**: ?????????? ???????? ???????? ???? ?????????? ?????? ??????????????????? ???? ??????????????? ???? ???????????? ??????????? ???? ????????.\n\n## ??????????????????????? ???????? ??????????\n- ?????????? ???????????? ????????????????? ??? ???????? ????????????????????? ???????? ??????.\n- ?????????? ???????????? ??????????/???????? ?????? ??? ???????? ????????????????????? ???????? ??????.\n- ?????? ?????????? ???????? ??? ???????? ????????????????????? ???????? ??????.\n- ?????????????????? ????????????/?????????????? ??? ???????? ????????????????????? ???????? ??????.\n- ??????????????????????? ?? ????????????????????? (notification/export) ??? ???????? ????????????????????? ???????? ??????.\n	title=?????????????? ???????????????? ??? 14. ????????????????????? ?????????? | category=general
knowledge_documents_backup_20260722	title	(0,1)	?????????????? ???????????????? ??? 1. ???????? ???????? ???? ?????????? ????????????????	title=?????????????? ???????????????? ??? 1. ???????? ???????? ???? ?????????? ???????????????? | category=general
knowledge_documents_backup_20260722	title	(0,2)	?????????????? ???????????????? ??? 2. ?????????????? ??????????	title=?????????????? ???????????????? ??? 2. ?????????????? ?????????? | category=general
knowledge_documents_backup_20260722	title	(0,3)	?????????????? ???????????????? ??? 3. ?????????????? ???????? ????????	title=?????????????? ???????????????? ??? 3. ?????????????? ???????? ???????? | category=general
knowledge_documents_backup_20260722	title	(0,4)	?????????????? ???????????????? ??? 4. ?????????????? ??????????????	title=?????????????? ???????????????? ??? 4. ?????????????? ?????????????? | category=general
knowledge_documents_backup_20260722	title	(0,5)	?????????????? ???????????????? ??? 5. ?????????????? ?????????????????????	title=?????????????? ???????????????? ??? 5. ?????????????? ????????????????????? | category=general
knowledge_documents_backup_20260722	title	(1,1)	?????????????? ???????????????? ??? 6. ?????????????? ???????????????????? ???????? ??????????????	title=?????????????? ???????????????? ??? 6. ?????????????? ???????????????????? ???????? ?????????????? | category=general
knowledge_documents_backup_20260722	title	(1,2)	?????????????? ???????????????? ??? 7. ?????????????? ???????????????????? ???????? ?????????? ?? ????????	title=?????????????? ???????????????? ??? 7. ?????????????? ???????????????????? ???????? ?????????? ?? ???????? | category=general
knowledge_documents_backup_20260722	title	(1,3)	?????????????? ???????????????? ??? 8. ?????????????? ???????????? ??????????????????	title=?????????????? ???????????????? ??? 8. ?????????????? ???????????? ?????????????????? | category=general
knowledge_documents_backup_20260722	title	(1,4)	?????????????? ???????????????? ??? 9. ?????????????? ??????????????? ?? ?????????????????????	title=?????????????? ???????????????? ??? 9. ?????????????? ??????????????? ?? ????????????????????? | category=general
knowledge_documents_backup_20260722	title	(1,5)	?????????????? ???????????????? ??? 10. ?????????????? ??????????????? ????????????? ?? ?????????????????	title=?????????????? ???????????????? ??? 10. ?????????????? ??????????????? ????????????? ?? ????????????????? | category=general
knowledge_documents_backup_20260722	title	(2,1)	?????????????? ???????????????? ??? 11. ?????????????? ?????????? ????????????????????	title=?????????????? ???????????????? ??? 11. ?????????????? ?????????? ???????????????????? | category=general
knowledge_documents_backup_20260722	title	(2,2)	?????????????? ???????????????? ??? 12. ???????????? ??????????????	title=?????????????? ???????????????? ??? 12. ???????????? ?????????????? | category=general
knowledge_documents_backup_20260722	title	(2,3)	?????????????? ???????????????? ??? 13. ??????????????????????	title=?????????????? ???????????????? ??? 13. ?????????????????????? | category=general
knowledge_documents_backup_20260722	title	(2,4)	?????????????? ???????????????? ??? 14. ????????????????????? ??????????	title=?????????????? ???????????????? ??? 14. ????????????????????? ?????????? | category=general
knowledge_documents_backup_20260722	title	(2,5)	?????????????? ???????????????? ??? 1. ???????? ???????? ???? ?????????? ????????????????	title=?????????????? ???????????????? ??? 1. ???????? ???????? ???? ?????????? ???????????????? | category=general
knowledge_documents_backup_20260722	title	(2,6)	?????????????? ???????????????? ??? 2. ?????????????? ??????????	title=?????????????? ???????????????? ??? 2. ?????????????? ?????????? | category=general
knowledge_documents_backup_20260722	title	(3,1)	?????????????? ???????????????? ??? 3. ?????????????? ???????? ????????	title=?????????????? ???????????????? ??? 3. ?????????????? ???????? ???????? | category=general
knowledge_documents_backup_20260722	title	(3,2)	?????????????? ???????????????? ??? 4. ?????????????? ??????????????	title=?????????????? ???????????????? ??? 4. ?????????????? ?????????????? | category=general
knowledge_documents_backup_20260722	title	(3,3)	?????????????? ???????????????? ??? 5. ?????????????? ?????????????????????	title=?????????????? ???????????????? ??? 5. ?????????????? ????????????????????? | category=general
knowledge_documents_backup_20260722	title	(3,4)	?????????????? ???????????????? ??? 6. ?????????????? ???????????????????? ???????? ??????????????	title=?????????????? ???????????????? ??? 6. ?????????????? ???????????????????? ???????? ?????????????? | category=general
knowledge_documents_backup_20260722	title	(4,1)	?????????????? ???????????????? ??? 7. ?????????????? ???????????????????? ???????? ?????????? ?? ????????	title=?????????????? ???????????????? ??? 7. ?????????????? ???????????????????? ???????? ?????????? ?? ???????? | category=general
knowledge_documents_backup_20260722	title	(4,2)	?????????????? ???????????????? ??? 8. ?????????????? ???????????? ??????????????????	title=?????????????? ???????????????? ??? 8. ?????????????? ???????????? ?????????????????? | category=general
knowledge_documents_backup_20260722	title	(4,3)	?????????????? ???????????????? ??? 9. ?????????????? ??????????????? ?? ?????????????????????	title=?????????????? ???????????????? ??? 9. ?????????????? ??????????????? ?? ????????????????????? | category=general
knowledge_documents_backup_20260722	title	(4,4)	?????????????? ???????????????? ??? 10. ?????????????? ??????????????? ????????????? ?? ?????????????????	title=?????????????? ???????????????? ??? 10. ?????????????? ??????????????? ????????????? ?? ????????????????? | category=general
knowledge_documents_backup_20260722	title	(4,5)	?????????????? ???????????????? ??? 11. ?????????????? ?????????? ????????????????????	title=?????????????? ???????????????? ??? 11. ?????????????? ?????????? ???????????????????? | category=general
knowledge_documents_backup_20260722	title	(5,1)	?????????????? ???????????????? ??? 12. ???????????? ??????????????	title=?????????????? ???????????????? ??? 12. ???????????? ?????????????? | category=general
knowledge_documents_backup_20260722	title	(5,2)	?????????????? ???????????????? ??? 13. ??????????????????????	title=?????????????? ???????????????? ??? 13. ?????????????????????? | category=general
knowledge_documents_backup_20260722	title	(5,3)	?????????????? ???????????????? ??? 14. ????????????????????? ??????????	title=?????????????? ???????????????? ??? 14. ????????????????????? ?????????? | category=general
knowledge_documents_backup_20260722	title	(5,4)	?????????????? ???????????????? ??? 1. ???????? ???????? ???? ?????????? ????????????????	title=?????????????? ???????????????? ??? 1. ???????? ???????? ???? ?????????? ???????????????? | category=general
knowledge_documents_backup_20260722	title	(5,5)	?????????????? ???????????????? ??? 2. ?????????????? ??????????	title=?????????????? ???????????????? ??? 2. ?????????????? ?????????? | category=general
knowledge_documents_backup_20260722	title	(6,1)	?????????????? ???????????????? ??? 3. ?????????????? ???????? ????????	title=?????????????? ???????????????? ??? 3. ?????????????? ???????? ???????? | category=general
knowledge_documents_backup_20260722	title	(6,2)	?????????????? ???????????????? ??? 4. ?????????????? ??????????????	title=?????????????? ???????????????? ??? 4. ?????????????? ?????????????? | category=general
knowledge_documents_backup_20260722	title	(6,3)	?????????????? ???????????????? ??? 5. ?????????????? ?????????????????????	title=?????????????? ???????????????? ??? 5. ?????????????? ????????????????????? | category=general
knowledge_documents_backup_20260722	title	(6,4)	?????????????? ???????????????? ??? 6. ?????????????? ???????????????????? ???????? ??????????????	title=?????????????? ???????????????? ??? 6. ?????????????? ???????????????????? ???????? ?????????????? | category=general
knowledge_documents_backup_20260722	title	(7,1)	?????????????? ???????????????? ??? 7. ?????????????? ???????????????????? ???????? ?????????? ?? ????????	title=?????????????? ???????????????? ??? 7. ?????????????? ???????????????????? ???????? ?????????? ?? ???????? | category=general
knowledge_documents_backup_20260722	title	(7,2)	?????????????? ???????????????? ??? 8. ?????????????? ???????????? ??????????????????	title=?????????????? ???????????????? ??? 8. ?????????????? ???????????? ?????????????????? | category=general
knowledge_documents_backup_20260722	title	(7,3)	?????????????? ???????????????? ??? 9. ?????????????? ??????????????? ?? ?????????????????????	title=?????????????? ???????????????? ??? 9. ?????????????? ??????????????? ?? ????????????????????? | category=general
knowledge_documents_backup_20260722	title	(7,4)	?????????????? ???????????????? ??? 10. ?????????????? ??????????????? ????????????? ?? ?????????????????	title=?????????????? ???????????????? ??? 10. ?????????????? ??????????????? ????????????? ?? ????????????????? | category=general
knowledge_documents_backup_20260722	title	(7,5)	?????????????? ???????????????? ??? 11. ?????????????? ?????????? ????????????????????	title=?????????????? ???????????????? ??? 11. ?????????????? ?????????? ???????????????????? | category=general
knowledge_documents_backup_20260722	title	(8,1)	?????????????? ???????????????? ??? 12. ???????????? ??????????????	title=?????????????? ???????????????? ??? 12. ???????????? ?????????????? | category=general
knowledge_documents_backup_20260722	title	(8,2)	?????????????? ???????????????? ??? 13. ??????????????????????	title=?????????????? ???????????????? ??? 13. ?????????????????????? | category=general
knowledge_documents_backup_20260722	title	(8,3)	?????????????? ???????????????? ??? 14. ????????????????????? ??????????	title=?????????????? ???????????????? ??? 14. ????????????????????? ?????????? | category=general
league_settings	title_fa	0c8f3033-e31a-461a-981b-a9cfe8e6e327	????????????	""
league_settings	title_fa	3181d1ab-18b7-4ec6-a60f-da4837348598	??????	""
league_settings	title_fa	a8d75044-8b5c-4cbe-84be-81c25847c8b2	??????????	""
league_settings	title_fa	c9a0929b-c1c8-4495-86d1-08b4ac15489c	????????	""
league_settings	title_fa	ed0ec908-9643-4e7d-b95a-2610ceac58c2	????????????	""
league_settings	title_fa	f6db596c-9b74-4838-935d-7eb2d55bbb64	????????	""
market_indicators	title_fa	09eadd25-d14a-4e45-b1e9-a29c872d3abd	???????? ??????????	code=AED_TEHRAN | category=currency
market_indicators	title_fa	3d5a901c-73cb-4363-b2b3-b59715052fcb	???????? ??????????	code=USD_TEHRAN_FREE | category=currency
market_indicators	title_fa	4974d765-124f-4f13-bd46-745a82335379	?????? ???????? ??????????	code=COIN_BAHAR | category=coin
market_indicators	title_fa	6088cc86-5eaf-40a7-a724-5fce9a0462bb	???????? ????????	code=USD_HERAT | category=currency
market_indicators	title_fa	6e77c4ea-345d-4bf9-916f-5544cb6ba992	?????? ?????????? ??????	code=GOLD_OUNCE_USD | category=gold
market_indicators	title_fa	7a88ca0f-8c04-4ad0-9553-086a1eeec121	???????? ???? ????????	code=GOLD_18 | category=gold
market_indicators	title_fa	7ef7c5c0-d72c-4f2b-be41-52986fdb1d8b	???????? ????????????????	code=USD_SULAYMANIYAH | category=currency
market_indicators	title_fa	cf9e2f86-6cc1-4988-aac6-b20b0743ab5d	?????? ??????????	code=COIN_EMAMI | category=coin
market_indicators	title_fa	ed5817a1-5028-4e58-8adc-3b7a3a75ef2d	???? ?????????? ????????	code=IQD_100 | category=currency
market_indicators	title_fa	fa5485dd-3382-4801-886d-86a182cd0427	?????????? ??????	code=GOLD_MESGHAL | category=gold
market_indicators	title_fa	ff4e92e2-a2fe-4c7b-901d-c38ead2a3fc7	??????	code=USDT_TOMAN | category=crypto
market_rate_source_mappings	note	08aff2d2-ef80-40bd-babc-e6687962a974	mapping ?????????? ?????? ?????????????? ??????????	""
market_rate_source_mappings	note	2e4030dc-ec9a-49a0-995a-d54037c29263	mapping TGJU ???????? ???? ?????????? ???????? ???????? ???????? ?????????? ????????	""
market_rate_source_mappings	note	3cb1ac78-2916-410d-9a66-dce4c0879c5e	mapping ?????????? ?????? ?????????????? ??????????	""
market_rate_source_mappings	note	4086a7a1-28a7-4a4d-b612-e63a10cafdee	mapping ?????????? ?????? ?????????????? ??????????	""
market_rate_source_mappings	note	50cc5666-9611-4b82-be58-540cbe979ad3	mapping TGJU ???????? ???? ?????????? ???????? ???????? ???????? ?????????? ????????	""
market_rate_source_mappings	note	518f14df-b5b6-424a-87e7-be63b416620b	mapping ?????????? ?????? ?????????????? ??????????	""
market_rate_source_mappings	note	605d69f2-0eba-48c2-b941-3ab038d5a64d	mapping ?????????? ?????? ?????????????? ??????????	""
market_rate_source_mappings	note	683fb8f2-4eec-4a2c-a74e-f74c0bb06224	mapping ?????????? ?????? ?????????????? ??????????	""
market_rate_source_mappings	note	93730999-ff03-46bc-ba0b-a09eb873fce4	mapping TGJU ???????? ???? ?????????? ???????? ???????? ???????? ?????????? ????????	""
market_rate_source_mappings	note	9429b4cd-8f7e-4d5e-8448-89526b64b434	mapping TGJU ???????? ???? ?????????? ???????? ???????? ???????? ?????????? ????????	""
market_rate_source_mappings	note	9de889a3-4539-4ba9-b1f0-5a3ca3a096d4	mapping TGJU ???????? ???? ?????????? ???????? ???????? ???????? ?????????? ????????	""
market_rate_source_mappings	note	f51f1c25-47ad-4877-94db-c3a4c3e531db	mapping TGJU ???????? ???? ?????????? ???????? ???????? ???????? ?????????? ????????	""
market_rate_source_mappings	note	f8224095-8f6c-49d8-8c64-0cb4bd122906	mapping TGJU ???????? ???? ?????????? ???????? ???????? ???????? ?????????? ????????	""
market_rate_sources	title_fa	07c162ae-23cc-4fa1-9006-9a1fba4dc2af	???????? ??????????????????????? ?????? ?? ??????	code=TGJU_API
market_rate_sources	title_fa	31e945e4-aa1d-4bd7-849c-e5cead244789	?????? ???????? ????????????	code=MANUAL_MANAGER
market_rate_sources	title_fa	3e5d4fca-20a2-4275-a1f6-2299cc6957d2	?????? ???????? ????????????????	code=MANUAL_ACCOUNTING
market_rate_sources	title_fa	53aac949-e324-4aee-b4a1-59e0bee92636	TGJU ??????????	code=TGJU_PUBLIC
market_rate_sources	title_fa	c843b32a-56e4-4d32-97c4-e968d3349c7e	BrsApi ????????????	code=BRSAPI_PUBLIC
market_rate_sources	title_fa	ef08f21b-de9e-46e8-8aed-b7a012f4dd48	??????????	code=NAVASAN_API
missions	description	6f6a26c5-882b-48b2-8942-cb3fc2e513ee	???? ?????? ???????? ?????????? ??????????	key=weekly_revenue
missions	description	aa95432e-e0a8-4fe8-8d24-32331820c8eb	?????????? ???????? ???????????? ????????	key=daily_login
missions	description	b17b7e29-7716-4cb7-802a-9c0d77bf48e5	???? ????????????????????? ????????????	key=daily_quote
missions	description	b5d5bd97-62af-440a-9716-ca68223415f1	?????????? ???? ???????????? ?????? ????????	key=daily_sale
missions	title_fa	6f6a26c5-882b-48b2-8942-cb3fc2e513ee	?????? ???????? ????????	key=weekly_revenue
missions	title_fa	aa95432e-e0a8-4fe8-8d24-32331820c8eb	???????? ????????????	key=daily_login
missions	title_fa	b17b7e29-7716-4cb7-802a-9c0d77bf48e5	???? ?????????????????????	key=daily_quote
missions	title_fa	b5d5bd97-62af-440a-9716-ca68223415f1	???? ???????? ??????????	key=daily_sale
price_change_reasons	title	14c7986f-2a11-4453-8ac9-5451c639af29	?????????? ?????? ??????	title=?????????? ?????? ??????
price_change_reasons	title	21e1fb0b-3882-4c6a-8bb2-b1060cd3f5a7	?????????? ?????????? ??????	title=?????????? ?????????? ??????
price_change_reasons	title	39df6605-93e7-4dca-84e5-3e24ab6b6fe5	?????????? ????????????	title=?????????? ????????????
price_change_reasons	title	c5a2e5d5-cb45-4509-aa21-46cff3527bde	?????????? ?????????? ??????	title=?????????? ?????????? ??????
price_change_reasons	title	d7de13c1-a776-46af-97e2-422089533c68	?????????? ???????? ???????????????????????	title=?????????? ???????? ???????????????????????
price_change_reasons	title	ee211565-b208-48a3-864b-e2081ddc65d3	?????????? ?????????? ??????????	title=?????????? ?????????? ??????????
pricing_rules	name	99dc0a4c-fde4-4522-859f-f94e38a22091	?????????? ?????????? ???????????????	name=?????????? ?????????? ???????????????
pricing_rules	rule_name	99dc0a4c-fde4-4522-859f-f94e38a22091	?????????? ?????????? ???????????????	name=?????????? ?????????? ???????????????
product_suppliers	notes	0e58bb8f-7c79-4509-8616-c63120d2ec19	????????????????????? ???????????? ???? ?????? ????????	""
product_suppliers	notes	38011706-405a-416d-bd64-31215408c0d5	????????????????????? ???????????? ???? ?????? ????????	""
product_suppliers	notes	48589462-8b47-46a8-bca9-8b60d12f0df4	????????????????????? ???????????? ???? ?????? ????????	""
product_suppliers	notes	556c03b4-67a8-4750-9c65-3d0f9eb9b673	????????????????????? ???????????? ???? ?????? ????????	""
product_suppliers	notes	565ffbf5-3e0b-46b6-b3f7-f66c79f6591f	????????????????????? ???????????? ???? ?????? ????????	""
product_suppliers	notes	6346e3bc-3237-49be-adba-4d7f077f67d7	????????????????????? ???????????? ???? ?????? ????????	""
product_suppliers	notes	79593fcf-be26-40aa-b130-3d1b7b3e8413	????????????????????? ???????????? ???? ?????? ????????	""
product_suppliers	notes	86e8593d-a9bc-44f2-a96f-bb1279045387	????????????????????? ???????????? ???? ?????? ????????	""
product_suppliers	notes	8aea9693-8658-441f-a919-fdb3ac22268a	????????????????????? ???????????? ???? ?????? ????????	""
product_suppliers	notes	907249a6-50c6-480a-8ea2-cab379591a95	????????????????????? ???????????? ???? ?????? ????????	""
product_suppliers	notes	a4ad72b2-dc07-4088-a26e-275caccaec70	????????????????????? ???????????? ???? ?????? ????????	""
product_suppliers	notes	ae279920-852d-41fb-a6dd-d1a91fe4e8b7	????????????????????? ???????????? ???? ?????? ????????	""
product_suppliers	notes	aee0e925-ef16-4b4f-ac5e-78c94d598c92	????????????????????? ???????????? ???? ?????? ????????	""
product_suppliers	notes	b20b0425-3ec5-4fbf-8eaf-53da6cbb89ca	????????????????????? ???????????? ???? ?????? ????????	""
product_suppliers	notes	b6d99e2e-ee60-4226-9826-44ec77cbc768	????????????????????? ???????????? ???? ?????? ????????	""
product_suppliers	notes	ba71c5ac-e4d0-4fd6-82a5-f4648009fda6	????????????????????? ???????????? ???? ?????? ????????	""
product_suppliers	notes	d7c97623-1054-4c6d-8658-d0c0d1c8a7e5	????????????????????? ???????????? ???? ?????? ????????	""
product_suppliers	notes	d8935418-03a3-4423-9854-92ec8e767460	????????????????????? ???????????? ???? ?????? ????????	""
product_suppliers	notes	de6ecaba-072f-4da5-9181-f18b85bbb8d1	????????????????????? ???????????? ???? ?????? ????????	""
product_suppliers	notes	dfa5c2c9-4028-4914-be33-9b1f0ed82958	????????????????????? ???????????? ???? ?????? ????????	""
product_suppliers	notes	e703d15f-0cfa-4bca-945f-7a951b2f815f	????????????????????? ???????????? ???? ?????? ????????	""
product_suppliers	notes	f288aa97-f4da-4ef6-abee-c43940fb6f29	????????????????????? ???????????? ???? ?????? ????????	""
profile_field_definitions	label	15dc7fdf-0e67-42e8-822f-f026fda3ae69	????????	name=address | label=????????
profile_field_definitions	label	31f51fb5-5965-4d6b-a5f1-a00488f90744	???????? ???????? ??????	name=work_start_time | label=???????? ???????? ??????
profile_field_definitions	label	768aa0e1-ea88-4762-ba66-b12d878e516a	???????? ?????????? ??????	name=work_end_time | label=???????? ?????????? ??????
profile_field_definitions	label	ce3063c9-c62f-4a33-bf3c-5b10812b77c0	???????????? ????????	name=work_days | label=???????????? ????????
profile_field_definitions	label	de1ad027-cc06-4c00-b068-ae41a5ec1fdf	?????? ????????????	name=employment_type | label=?????? ????????????
